player_id,time,amount,transaction_type,net_amount
014e2967-d42a-46b7-8538-7e7494459e5b,2019-09-12 11:48:57,150.0,0,-150.0
01e04354-b60c-47f0-8d4b-416b6e7c36c0,2019-06-15 12:25:07,75.0,0,-75.0
01e04354-b60c-47f0-8d4b-416b6e7c36c0,2019-07-26 22:13:23,75.0,0,-75.0
01e04354-b60c-47f0-8d4b-416b6e7c36c0,2019-08-24 14:08:11,75.0,0,-75.0
01e04354-b60c-47f0-8d4b-416b6e7c36c0,2019-08-31 15:35:01,75.0,0,-75.0
01e04354-b60c-47f0-8d4b-416b6e7c36c0,2019-09-02 21:52:31,225.0,1,225.0
01e04354-b60c-47f0-8d4b-416b6e7c36c0,2019-09-11 07:16:58,75.0,0,-75.0
01e04354-b60c-47f0-8d4b-416b6e7c36c0,2019-09-13 07:22:41,75.0,0,-75.0
02ff3185-771f-4ba9-bac0-795adb96b222,2019-05-19 04:54:45,87.228,0,-87.228
02ff3185-771f-4ba9-bac0-795adb96b222,2019-05-19 19:11:06,87.228,0,-87.228
02ff3185-771f-4ba9-bac0-795adb96b222,2019-05-19 19:37:19,174.457,0,-174.457
02ff3185-771f-4ba9-bac0-795adb96b222,2019-05-20 14:55:12,87.228,0,-87.228
02ff3185-771f-4ba9-bac0-795adb96b222,2019-05-21 08:18:10,1744.567,1,1744.567
02ff3185-771f-4ba9-bac0-795adb96b222,2019-05-22 13:24:04,174.457,0,-174.457
02ff3185-771f-4ba9-bac0-795adb96b222,2019-05-22 13:51:56,87.228,0,-87.228
02ff3185-771f-4ba9-bac0-795adb96b222,2019-05-22 16:04:10,87.228,0,-87.228
02ff3185-771f-4ba9-bac0-795adb96b222,2019-05-22 16:58:49,130.843,0,-130.843
02ff3185-771f-4ba9-bac0-795adb96b222,2019-05-22 19:43:53,87.228,0,-87.228
02ff3185-771f-4ba9-bac0-795adb96b222,2019-05-24 16:40:20,87.228,0,-87.228
02ff3185-771f-4ba9-bac0-795adb96b222,2019-05-24 20:06:38,87.228,0,-87.228
02ff3185-771f-4ba9-bac0-795adb96b222,2019-05-24 20:18:33,87.228,0,-87.228
02ff3185-771f-4ba9-bac0-795adb96b222,2019-05-25 12:55:40,95.951,0,-95.951
02ff3185-771f-4ba9-bac0-795adb96b222,2019-05-27 09:29:38,174.457,0,-174.457
02ff3185-771f-4ba9-bac0-795adb96b222,2019-05-27 12:04:54,86.509,0,-86.509
02ff3185-771f-4ba9-bac0-795adb96b222,2019-05-28 12:30:14,86.509,0,-86.509
02ff3185-771f-4ba9-bac0-795adb96b222,2019-05-28 20:45:54,173.018,0,-173.018
02ff3185-771f-4ba9-bac0-795adb96b222,2019-05-30 08:12:35,86.509,0,-86.509
02ff3185-771f-4ba9-bac0-795adb96b222,2019-06-04 11:31:14,173.018,0,-173.018
02ff3185-771f-4ba9-bac0-795adb96b222,2019-06-04 12:05:45,173.018,0,-173.018
02ff3185-771f-4ba9-bac0-795adb96b222,2019-06-04 13:24:22,86.509,0,-86.509
02ff3185-771f-4ba9-bac0-795adb96b222,2019-06-06 11:31:07,173.018,0,-173.018
02ff3185-771f-4ba9-bac0-795adb96b222,2019-06-09 15:19:42,164.36700000000005,0,-164.36700000000005
02ff3185-771f-4ba9-bac0-795adb96b222,2019-06-09 16:50:38,250.877,0,-250.877
02ff3185-771f-4ba9-bac0-795adb96b222,2019-06-10 10:27:25,173.018,0,-173.018
02ff3185-771f-4ba9-bac0-795adb96b222,2019-06-11 08:45:16,259.528,0,-259.528
02ff3185-771f-4ba9-bac0-795adb96b222,2019-06-11 13:59:36,259.528,0,-259.528
02ff3185-771f-4ba9-bac0-795adb96b222,2019-06-12 13:33:38,112.462,0,-112.462
02ff3185-771f-4ba9-bac0-795adb96b222,2019-06-14 11:44:33,86.509,0,-86.509
02ff3185-771f-4ba9-bac0-795adb96b222,2019-06-16 11:04:46,67.817,0,-67.817
02ff3185-771f-4ba9-bac0-795adb96b222,2019-06-16 16:45:51,135.63299999999998,0,-135.63299999999998
02ff3185-771f-4ba9-bac0-795adb96b222,2019-06-16 22:05:35,135.63299999999998,0,-135.63299999999998
02ff3185-771f-4ba9-bac0-795adb96b222,2019-06-16 22:10:58,135.63299999999998,0,-135.63299999999998
02ff3185-771f-4ba9-bac0-795adb96b222,2019-06-16 22:19:57,203.45,0,-203.45
02ff3185-771f-4ba9-bac0-795adb96b222,2019-06-17 07:38:45,67.817,0,-67.817
02ff3185-771f-4ba9-bac0-795adb96b222,2019-06-18 11:25:22,67.817,0,-67.817
02ff3185-771f-4ba9-bac0-795adb96b222,2019-06-20 07:58:02,67.817,0,-67.817
02ff3185-771f-4ba9-bac0-795adb96b222,2019-06-21 18:14:49,135.63299999999998,0,-135.63299999999998
02ff3185-771f-4ba9-bac0-795adb96b222,2019-06-21 22:30:10,339.083,1,339.083
02ff3185-771f-4ba9-bac0-795adb96b222,2019-06-22 11:45:31,67.817,0,-67.817
02ff3185-771f-4ba9-bac0-795adb96b222,2019-06-22 12:46:21,67.817,0,-67.817
02ff3185-771f-4ba9-bac0-795adb96b222,2019-06-22 13:04:50,67.817,0,-67.817
02ff3185-771f-4ba9-bac0-795adb96b222,2019-06-22 15:19:14,203.45,1,203.45
02ff3185-771f-4ba9-bac0-795adb96b222,2019-06-23 10:48:36,67.817,0,-67.817
02ff3185-771f-4ba9-bac0-795adb96b222,2019-06-23 12:43:09,74.26,0,-74.26
02ff3185-771f-4ba9-bac0-795adb96b222,2019-06-23 14:32:12,74.26,0,-74.26
02ff3185-771f-4ba9-bac0-795adb96b222,2019-06-24 19:36:34,148.52100000000004,0,-148.52100000000004
02ff3185-771f-4ba9-bac0-795adb96b222,2019-06-25 00:10:17,148.52100000000004,0,-148.52100000000004
02ff3185-771f-4ba9-bac0-795adb96b222,2019-06-25 23:05:44,2970.417,1,2970.417
02ff3185-771f-4ba9-bac0-795adb96b222,2019-06-26 16:45:57,74.26,0,-74.26
02ff3185-771f-4ba9-bac0-795adb96b222,2019-06-26 21:22:56,1113.906,1,1113.906
02ff3185-771f-4ba9-bac0-795adb96b222,2019-06-27 08:32:29,103.965,0,-103.965
02ff3185-771f-4ba9-bac0-795adb96b222,2019-06-27 13:44:53,148.52100000000004,0,-148.52100000000004
02ff3185-771f-4ba9-bac0-795adb96b222,2019-06-27 17:26:32,148.52100000000004,0,-148.52100000000004
02ff3185-771f-4ba9-bac0-795adb96b222,2019-06-28 14:49:30,111.391,0,-111.391
02ff3185-771f-4ba9-bac0-795adb96b222,2019-06-28 15:27:37,111.391,0,-111.391
02ff3185-771f-4ba9-bac0-795adb96b222,2019-06-28 19:23:28,163.373,0,-163.373
02ff3185-771f-4ba9-bac0-795adb96b222,2019-06-29 09:22:10,148.52100000000004,0,-148.52100000000004
02ff3185-771f-4ba9-bac0-795adb96b222,2019-06-30 08:05:20,148.52100000000004,0,-148.52100000000004
02ff3185-771f-4ba9-bac0-795adb96b222,2019-06-30 16:08:30,604.9259999999998,1,604.9259999999998
02ff3185-771f-4ba9-bac0-795adb96b222,2019-06-30 18:14:22,604.9259999999998,3,-604.9259999999998
02ff3185-771f-4ba9-bac0-795adb96b222,2019-07-02 12:03:38,151.232,0,-151.232
02ff3185-771f-4ba9-bac0-795adb96b222,2019-07-02 13:09:49,151.232,0,-151.232
02ff3185-771f-4ba9-bac0-795adb96b222,2019-07-02 18:32:30,604.9259999999998,0,-604.9259999999998
02ff3185-771f-4ba9-bac0-795adb96b222,2019-07-04 08:50:43,151.232,0,-151.232
02ff3185-771f-4ba9-bac0-795adb96b222,2019-07-18 10:51:17,75.616,0,-75.616
02ff3185-771f-4ba9-bac0-795adb96b222,2019-07-18 16:03:35,151.232,0,-151.232
02ff3185-771f-4ba9-bac0-795adb96b222,2019-07-18 20:10:49,378.079,0,-378.079
02ff3185-771f-4ba9-bac0-795adb96b222,2019-07-19 08:33:17,75.616,0,-75.616
02ff3185-771f-4ba9-bac0-795adb96b222,2019-07-22 12:50:11,75.616,0,-75.616
02ff3185-771f-4ba9-bac0-795adb96b222,2019-07-22 14:26:25,75.616,0,-75.616
02ff3185-771f-4ba9-bac0-795adb96b222,2019-07-23 08:44:04,151.232,0,-151.232
02ff3185-771f-4ba9-bac0-795adb96b222,2019-07-23 08:45:31,75.616,1,75.616
02ff3185-771f-4ba9-bac0-795adb96b222,2019-07-23 13:56:16,75.616,3,-75.616
02ff3185-771f-4ba9-bac0-795adb96b222,2019-07-23 21:40:12,80.34100000000002,0,-80.34100000000002
02ff3185-771f-4ba9-bac0-795adb96b222,2019-07-23 23:07:53,482.043,0,-482.043
02ff3185-771f-4ba9-bac0-795adb96b222,2019-07-24 19:38:23,803.405,1,803.405
02ff3185-771f-4ba9-bac0-795adb96b222,2019-07-25 13:23:06,160.681,0,-160.681
02ff3185-771f-4ba9-bac0-795adb96b222,2019-07-25 13:51:50,80.34100000000002,0,-80.34100000000002
02ff3185-771f-4ba9-bac0-795adb96b222,2019-07-25 14:21:42,160.681,0,-160.681
02ff3185-771f-4ba9-bac0-795adb96b222,2019-07-25 19:13:28,241.022,0,-241.022
02ff3185-771f-4ba9-bac0-795adb96b222,2019-07-25 19:43:42,160.681,0,-160.681
02ff3185-771f-4ba9-bac0-795adb96b222,2019-07-26 11:19:27,160.681,0,-160.681
02ff3185-771f-4ba9-bac0-795adb96b222,2019-07-27 11:53:10,80.34100000000002,0,-80.34100000000002
02ff3185-771f-4ba9-bac0-795adb96b222,2019-07-27 12:21:05,80.34100000000002,0,-80.34100000000002
02ff3185-771f-4ba9-bac0-795adb96b222,2019-07-27 12:29:47,160.681,0,-160.681
02ff3185-771f-4ba9-bac0-795adb96b222,2019-07-27 12:36:51,40.17,0,-40.17
02ff3185-771f-4ba9-bac0-795adb96b222,2019-08-09 13:49:51,80.34100000000002,0,-80.34100000000002
02ff3185-771f-4ba9-bac0-795adb96b222,2019-08-09 14:30:53,56.238,0,-56.238
02ff3185-771f-4ba9-bac0-795adb96b222,2019-08-15 08:33:18,68.732,0,-68.732
02ff3185-771f-4ba9-bac0-795adb96b222,2019-08-15 13:26:20,41.239,0,-41.239
02ff3185-771f-4ba9-bac0-795adb96b222,2019-08-17 12:17:22,68.732,0,-68.732
02ff3185-771f-4ba9-bac0-795adb96b222,2019-08-17 16:50:04,68.732,0,-68.732
02ff3185-771f-4ba9-bac0-795adb96b222,2019-08-18 03:09:12,68.732,0,-68.732
02ff3185-771f-4ba9-bac0-795adb96b222,2019-08-18 12:07:58,68.732,0,-68.732
02ff3185-771f-4ba9-bac0-795adb96b222,2019-08-18 17:35:32,68.732,0,-68.732
02ff3185-771f-4ba9-bac0-795adb96b222,2019-08-19 11:34:52,68.732,0,-68.732
02ff3185-771f-4ba9-bac0-795adb96b222,2019-08-19 11:43:32,68.732,0,-68.732
02ff3185-771f-4ba9-bac0-795adb96b222,2019-08-20 09:51:15,68.732,0,-68.732
02ff3185-771f-4ba9-bac0-795adb96b222,2019-08-20 12:42:44,68.732,0,-68.732
02ff3185-771f-4ba9-bac0-795adb96b222,2019-08-20 13:39:37,68.732,0,-68.732
02ff3185-771f-4ba9-bac0-795adb96b222,2019-08-20 14:41:00,68.732,0,-68.732
02ff3185-771f-4ba9-bac0-795adb96b222,2019-08-20 19:09:41,206.195,0,-206.195
02ff3185-771f-4ba9-bac0-795adb96b222,2019-08-22 15:14:55,68.732,0,-68.732
02ff3185-771f-4ba9-bac0-795adb96b222,2019-08-22 15:23:31,87.27,0,-87.27
02ff3185-771f-4ba9-bac0-795adb96b222,2019-08-22 15:38:14,87.27,1,87.27
02ff3185-771f-4ba9-bac0-795adb96b222,2019-08-23 10:16:04,87.27,0,-87.27
02ff3185-771f-4ba9-bac0-795adb96b222,2019-08-23 13:51:25,122.177,0,-122.177
02ff3185-771f-4ba9-bac0-795adb96b222,2019-08-24 08:44:41,52.362,0,-52.362
02ff3185-771f-4ba9-bac0-795adb96b222,2019-08-29 08:08:35,87.27,0,-87.27
02ff3185-771f-4ba9-bac0-795adb96b222,2019-08-29 13:55:25,87.27,0,-87.27
02ff3185-771f-4ba9-bac0-795adb96b222,2019-08-29 14:11:57,87.27,0,-87.27
02ff3185-771f-4ba9-bac0-795adb96b222,2019-08-29 15:02:43,61.089,0,-61.089
02ff3185-771f-4ba9-bac0-795adb96b222,2019-08-31 12:48:35,174.53900000000004,0,-174.53900000000004
02ff3185-771f-4ba9-bac0-795adb96b222,2019-08-31 19:06:57,436.348,1,436.348
02ff3185-771f-4ba9-bac0-795adb96b222,2019-09-01 11:46:29,52.362,0,-52.362
02ff3185-771f-4ba9-bac0-795adb96b222,2019-09-02 21:52:45,174.53900000000004,0,-174.53900000000004
02ff3185-771f-4ba9-bac0-795adb96b222,2019-09-02 22:54:10,261.809,0,-261.809
02ff3185-771f-4ba9-bac0-795adb96b222,2019-09-05 11:57:20,87.27,0,-87.27
02ff3185-771f-4ba9-bac0-795adb96b222,2019-09-05 13:53:19,88.314,0,-88.314
02ff3185-771f-4ba9-bac0-795adb96b222,2019-09-15 05:52:44,63.081,0,-63.081
02ff3185-771f-4ba9-bac0-795adb96b222,2019-09-15 10:19:41,63.081,0,-63.081
02ff3185-771f-4ba9-bac0-795adb96b222,2019-09-15 14:06:51,63.081,0,-63.081
02ff3185-771f-4ba9-bac0-795adb96b222,2019-09-15 14:07:29,63.081,0,-63.081
02ff3185-771f-4ba9-bac0-795adb96b222,2019-09-15 15:02:21,126.163,0,-126.163
02ff3185-771f-4ba9-bac0-795adb96b222,2019-09-16 06:15:55,63.081,0,-63.081
02ff3185-771f-4ba9-bac0-795adb96b222,2019-09-16 13:31:40,126.163,0,-126.163
02ff3185-771f-4ba9-bac0-795adb96b222,2019-09-16 14:05:34,126.163,0,-126.163
02ff3185-771f-4ba9-bac0-795adb96b222,2019-09-16 19:17:27,126.163,0,-126.163
02ff3185-771f-4ba9-bac0-795adb96b222,2019-09-16 20:20:13,126.163,0,-126.163
02ff3185-771f-4ba9-bac0-795adb96b222,2019-09-16 21:04:45,126.163,0,-126.163
02ff3185-771f-4ba9-bac0-795adb96b222,2019-09-16 21:11:33,126.163,0,-126.163
02ff3185-771f-4ba9-bac0-795adb96b222,2019-09-17 07:13:32,318.056,1,318.056
02ff3185-771f-4ba9-bac0-795adb96b222,2019-09-19 17:03:40,44.157,0,-44.157
02ff3185-771f-4ba9-bac0-795adb96b222,2019-09-23 11:34:36,88.336,0,-88.336
02ff3185-771f-4ba9-bac0-795adb96b222,2019-09-26 07:11:47,176.672,0,-176.672
02ff3185-771f-4ba9-bac0-795adb96b222,2019-09-26 13:42:34,155.295,0,-155.295
02ff3185-771f-4ba9-bac0-795adb96b222,2019-09-29 06:58:21,265.008,0,-265.008
02ff3185-771f-4ba9-bac0-795adb96b222,2019-09-29 13:49:29,48.32,0,-48.32
02ff3185-771f-4ba9-bac0-795adb96b222,2019-09-30 10:32:13,88.336,0,-88.336
02ff3185-771f-4ba9-bac0-795adb96b222,2019-09-30 22:29:28,44.168,0,-44.168
02ff3185-771f-4ba9-bac0-795adb96b222,2019-10-03 16:27:37,88.336,0,-88.336
02ff3185-771f-4ba9-bac0-795adb96b222,2019-10-17 19:15:27,176.672,0,-176.672
02ff3185-771f-4ba9-bac0-795adb96b222,2019-10-18 19:34:56,88.336,0,-88.336
02ff3185-771f-4ba9-bac0-795adb96b222,2019-10-19 17:15:36,88.336,0,-88.336
02ff3185-771f-4ba9-bac0-795adb96b222,2019-10-19 18:30:24,88.336,0,-88.336
02ff3185-771f-4ba9-bac0-795adb96b222,2019-10-19 19:32:16,88.336,0,-88.336
02ff3185-771f-4ba9-bac0-795adb96b222,2019-10-20 11:49:57,88.336,0,-88.336
02ff3185-771f-4ba9-bac0-795adb96b222,2019-10-20 18:28:25,176.672,0,-176.672
02ff3185-771f-4ba9-bac0-795adb96b222,2019-10-20 19:13:09,150.0,0,-150.0
02ff3185-771f-4ba9-bac0-795adb96b222,2019-10-28 18:13:24,225.0,0,-225.0
02ff3185-771f-4ba9-bac0-795adb96b222,2019-11-04 17:37:46,150.0,0,-150.0
02ff3185-771f-4ba9-bac0-795adb96b222,2019-11-04 18:07:58,750.0,0,-750.0
02ff3185-771f-4ba9-bac0-795adb96b222,2019-11-04 19:40:59,1125.0,1,1125.0
02ff3185-771f-4ba9-bac0-795adb96b222,2019-11-05 03:39:46,817.5,1,817.5
02ff3185-771f-4ba9-bac0-795adb96b222,2019-11-06 18:13:34,150.0,0,-150.0
0434b6c8-126f-4676-8ef7-c90bf6f57ef9,2019-05-24 11:06:33,72.367,0,-72.367
0434b6c8-126f-4676-8ef7-c90bf6f57ef9,2019-07-10 12:37:53,67.305,0,-67.305
0434b6c8-126f-4676-8ef7-c90bf6f57ef9,2019-07-10 12:38:35,86.00200000000002,0,-86.00200000000002
0434b6c8-126f-4676-8ef7-c90bf6f57ef9,2019-08-03 13:12:10,33.166,0,-33.166
0434b6c8-126f-4676-8ef7-c90bf6f57ef9,2019-08-15 16:16:40,38.071,0,-38.071
0434b6c8-126f-4676-8ef7-c90bf6f57ef9,2019-08-27 12:33:46,81.2,0,-81.2
0434b6c8-126f-4676-8ef7-c90bf6f57ef9,2019-08-31 11:56:38,38.025,0,-38.025
0434b6c8-126f-4676-8ef7-c90bf6f57ef9,2019-09-14 13:28:08,157.54399999999995,0,-157.54399999999995
0434b6c8-126f-4676-8ef7-c90bf6f57ef9,2019-10-15 14:44:11,83.309,0,-83.309
0434b6c8-126f-4676-8ef7-c90bf6f57ef9,2019-10-19 15:41:12,429.047,1,429.047
0434b6c8-126f-4676-8ef7-c90bf6f57ef9,2019-11-04 14:56:46,75.0,0,-75.0
057db24a-e0ed-49b9-b58c-f0d63c8c2e0f,2019-08-04 23:00:50,150.0,0,-150.0
057db24a-e0ed-49b9-b58c-f0d63c8c2e0f,2019-08-04 23:08:50,225.0,0,-225.0
057db24a-e0ed-49b9-b58c-f0d63c8c2e0f,2019-08-05 00:10:32,375.0,0,-375.0
057db24a-e0ed-49b9-b58c-f0d63c8c2e0f,2019-10-19 17:33:15,150.0,0,-150.0
057db24a-e0ed-49b9-b58c-f0d63c8c2e0f,2019-10-19 17:54:46,375.0,0,-375.0
0aefc7bc-de9b-47b1-88ef-a8545c4e24b1,2019-10-19 15:28:24,207.001,0,-207.001
0aefc7bc-de9b-47b1-88ef-a8545c4e24b1,2019-10-19 18:55:40,621.003,0,-621.003
0aefc7bc-de9b-47b1-88ef-a8545c4e24b1,2019-10-19 19:12:27,391.526,0,-391.526
0aefc7bc-de9b-47b1-88ef-a8545c4e24b1,2019-10-19 20:41:29,274.068,0,-274.068
0aefc7bc-de9b-47b1-88ef-a8545c4e24b1,2019-10-20 17:20:38,488.667,0,-488.667
0aefc7bc-de9b-47b1-88ef-a8545c4e24b1,2019-10-21 20:36:48,375.897,0,-375.897
0aefc7bc-de9b-47b1-88ef-a8545c4e24b1,2019-10-21 21:55:24,420.915,0,-420.915
0aefc7bc-de9b-47b1-88ef-a8545c4e24b1,2019-10-21 21:59:34,420.915,0,-420.915
0aefc7bc-de9b-47b1-88ef-a8545c4e24b1,2019-10-23 09:04:47,165.457,0,-165.457
0aefc7bc-de9b-47b1-88ef-a8545c4e24b1,2019-10-23 11:41:44,66.183,0,-66.183
0aefc7bc-de9b-47b1-88ef-a8545c4e24b1,2019-10-27 00:03:27,170.456,0,-170.456
0aefc7bc-de9b-47b1-88ef-a8545c4e24b1,2019-10-28 13:23:32,340.912,0,-340.912
0aefc7bc-de9b-47b1-88ef-a8545c4e24b1,2019-10-28 13:59:07,335.006,0,-335.006
0aefc7bc-de9b-47b1-88ef-a8545c4e24b1,2019-10-28 14:03:59,335.006,0,-335.006
0aefc7bc-de9b-47b1-88ef-a8545c4e24b1,2019-10-28 18:44:00,115.295,0,-115.295
0aefc7bc-de9b-47b1-88ef-a8545c4e24b1,2019-10-29 20:15:03,384.317,0,-384.317
0aefc7bc-de9b-47b1-88ef-a8545c4e24b1,2019-10-30 09:56:06,72.89,0,-72.89
0aefc7bc-de9b-47b1-88ef-a8545c4e24b1,2019-11-03 07:59:55,364.449,0,-364.449
0aefc7bc-de9b-47b1-88ef-a8545c4e24b1,2019-11-03 08:04:03,445.681,0,-445.681
0aefc7bc-de9b-47b1-88ef-a8545c4e24b1,2019-11-03 15:31:13,445.681,0,-445.681
0aefc7bc-de9b-47b1-88ef-a8545c4e24b1,2019-11-03 15:36:38,750.0,0,-750.0
10154baf-cb89-43e7-8a17-c0a0515ae911,2019-05-16 10:53:24,2660.962,0,-2660.962
10154baf-cb89-43e7-8a17-c0a0515ae911,2019-05-16 12:03:27,1467.223,0,-1467.223
10154baf-cb89-43e7-8a17-c0a0515ae911,2019-06-27 08:28:55,4264.685,0,-4264.685
10154baf-cb89-43e7-8a17-c0a0515ae911,2019-07-15 11:45:04,1835.907,0,-1835.907
10154baf-cb89-43e7-8a17-c0a0515ae911,2019-07-15 14:18:18,2206.041,0,-2206.041
10154baf-cb89-43e7-8a17-c0a0515ae911,2019-08-15 11:10:10,2961.428,0,-2961.428
10154baf-cb89-43e7-8a17-c0a0515ae911,2019-08-30 11:33:57,752.829,0,-752.829
10154baf-cb89-43e7-8a17-c0a0515ae911,2019-09-14 19:13:18,877.9989999999998,0,-877.9989999999998
10154baf-cb89-43e7-8a17-c0a0515ae911,2019-09-15 18:47:51,1014.731,0,-1014.731
10154baf-cb89-43e7-8a17-c0a0515ae911,2019-09-17 19:42:37,696.962,0,-696.962
10154baf-cb89-43e7-8a17-c0a0515ae911,2019-09-18 19:01:59,1275.0,0,-1275.0
1202e2a6-87f1-4505-8157-8eb98a89744e,2019-07-07 15:49:00,253.267,0,-253.267
1202e2a6-87f1-4505-8157-8eb98a89744e,2019-07-08 13:17:15,177.051,0,-177.051
1202e2a6-87f1-4505-8157-8eb98a89744e,2019-07-08 14:02:45,255.005,0,-255.005
1202e2a6-87f1-4505-8157-8eb98a89744e,2019-07-12 13:23:07,397.656,0,-397.656
1202e2a6-87f1-4505-8157-8eb98a89744e,2019-07-12 14:21:10,345.415,0,-345.415
1202e2a6-87f1-4505-8157-8eb98a89744e,2019-08-12 13:55:51,196.536,0,-196.536
1202e2a6-87f1-4505-8157-8eb98a89744e,2019-08-15 19:27:26,153.025,0,-153.025
1202e2a6-87f1-4505-8157-8eb98a89744e,2019-08-26 12:07:34,198.006,0,-198.006
1202e2a6-87f1-4505-8157-8eb98a89744e,2019-08-27 13:52:43,219.272,0,-219.272
1202e2a6-87f1-4505-8157-8eb98a89744e,2019-09-02 07:49:15,215.138,0,-215.138
1202e2a6-87f1-4505-8157-8eb98a89744e,2019-09-03 17:59:52,187.5,0,-187.5
1202e2a6-87f1-4505-8157-8eb98a89744e,2019-09-09 13:45:16,150.0,0,-150.0
1202e2a6-87f1-4505-8157-8eb98a89744e,2019-09-09 13:55:08,37.5,0,-37.5
1202e2a6-87f1-4505-8157-8eb98a89744e,2019-09-10 11:52:37,150.0,0,-150.0
1202e2a6-87f1-4505-8157-8eb98a89744e,2019-09-10 13:27:47,37.5,0,-37.5
1202e2a6-87f1-4505-8157-8eb98a89744e,2019-09-20 10:45:16,375.0,0,-375.0
1643da5e-72ab-42b1-97f7-8af0ca58995a,2019-09-11 23:45:13,1220.739,0,-1220.739
1643da5e-72ab-42b1-97f7-8af0ca58995a,2019-09-12 04:12:10,553.98,0,-553.98
1643da5e-72ab-42b1-97f7-8af0ca58995a,2019-09-13 21:22:35,772.0160000000002,0,-772.0160000000002
1643da5e-72ab-42b1-97f7-8af0ca58995a,2019-09-14 07:55:06,94.886,0,-94.886
1643da5e-72ab-42b1-97f7-8af0ca58995a,2019-09-14 13:24:43,198.157,0,-198.157
1643da5e-72ab-42b1-97f7-8af0ca58995a,2019-09-14 15:46:38,1283.178,0,-1283.178
1643da5e-72ab-42b1-97f7-8af0ca58995a,2019-09-14 19:10:51,31.424,0,-31.424
1643da5e-72ab-42b1-97f7-8af0ca58995a,2019-09-15 09:04:40,629.91,0,-629.91
1643da5e-72ab-42b1-97f7-8af0ca58995a,2019-09-15 16:46:54,370.686,0,-370.686
1643da5e-72ab-42b1-97f7-8af0ca58995a,2019-09-17 08:28:40,445.517,0,-445.517
1643da5e-72ab-42b1-97f7-8af0ca58995a,2019-09-18 16:10:04,750.0,0,-750.0
1643da5e-72ab-42b1-97f7-8af0ca58995a,2019-09-18 16:15:13,225.0,0,-225.0
1643da5e-72ab-42b1-97f7-8af0ca58995a,2019-09-20 18:55:48,375.0,0,-375.0
1643da5e-72ab-42b1-97f7-8af0ca58995a,2019-09-21 19:26:36,375.0,0,-375.0
1643da5e-72ab-42b1-97f7-8af0ca58995a,2019-09-21 22:24:15,1125.0,0,-1125.0
1643da5e-72ab-42b1-97f7-8af0ca58995a,2019-09-22 02:48:34,3000.0,0,-3000.0
1643da5e-72ab-42b1-97f7-8af0ca58995a,2019-09-22 02:51:09,375.0,0,-375.0
18fc2cde-65ec-456e-8051-d5b499aa7fba,2019-05-13 11:16:16,84.979,0,-84.979
18fc2cde-65ec-456e-8051-d5b499aa7fba,2019-05-21 15:19:28,61.955,0,-61.955
18fc2cde-65ec-456e-8051-d5b499aa7fba,2019-06-10 21:50:18,79.439,0,-79.439
18fc2cde-65ec-456e-8051-d5b499aa7fba,2019-06-23 20:27:43,78.422,0,-78.422
18fc2cde-65ec-456e-8051-d5b499aa7fba,2019-06-25 01:12:53,68.361,0,-68.361
18fc2cde-65ec-456e-8051-d5b499aa7fba,2019-06-28 23:02:07,80.179,0,-80.179
18fc2cde-65ec-456e-8051-d5b499aa7fba,2019-06-29 05:52:42,61.459,0,-61.459
18fc2cde-65ec-456e-8051-d5b499aa7fba,2019-06-30 00:14:01,64.597,0,-64.597
18fc2cde-65ec-456e-8051-d5b499aa7fba,2019-07-02 00:44:56,84.46,0,-84.46
18fc2cde-65ec-456e-8051-d5b499aa7fba,2019-07-14 23:07:49,68.173,0,-68.173
18fc2cde-65ec-456e-8051-d5b499aa7fba,2019-09-03 01:32:22,75.0,0,-75.0
18fc2cde-65ec-456e-8051-d5b499aa7fba,2019-10-05 21:46:32,75.0,0,-75.0
18fc2cde-65ec-456e-8051-d5b499aa7fba,2019-10-06 20:55:15,75.0,0,-75.0
1c22f619-565d-4ddf-b347-7d5863532793,2019-05-13 09:55:31,156.187,0,-156.187
1c22f619-565d-4ddf-b347-7d5863532793,2019-05-20 15:04:22,71.706,0,-71.706
1c22f619-565d-4ddf-b347-7d5863532793,2019-05-26 16:24:27,87.171,0,-87.171
1c22f619-565d-4ddf-b347-7d5863532793,2019-06-08 19:43:36,44.538,0,-44.538
1c22f619-565d-4ddf-b347-7d5863532793,2019-06-21 09:33:22,97.445,0,-97.445
1c22f619-565d-4ddf-b347-7d5863532793,2019-06-30 08:01:44,189.186,0,-189.186
1c22f619-565d-4ddf-b347-7d5863532793,2019-07-04 06:46:25,377.164,0,-377.164
1c22f619-565d-4ddf-b347-7d5863532793,2019-07-04 06:46:57,185.103,0,-185.103
1c22f619-565d-4ddf-b347-7d5863532793,2019-07-10 21:35:34,251.834,0,-251.834
1c22f619-565d-4ddf-b347-7d5863532793,2019-08-04 08:08:28,222.762,0,-222.762
1c22f619-565d-4ddf-b347-7d5863532793,2019-08-11 16:02:10,150.0,0,-150.0
1c22f619-565d-4ddf-b347-7d5863532793,2019-08-26 09:39:10,225.0,0,-225.0
1c22f619-565d-4ddf-b347-7d5863532793,2019-08-29 17:28:50,225.0,0,-225.0
1c22f619-565d-4ddf-b347-7d5863532793,2019-09-01 12:28:07,285.0,0,-285.0
1c22f619-565d-4ddf-b347-7d5863532793,2019-09-02 13:01:37,225.0,0,-225.0
1c22f619-565d-4ddf-b347-7d5863532793,2019-09-16 14:50:54,75.0,0,-75.0
1c22f619-565d-4ddf-b347-7d5863532793,2019-09-17 18:18:53,75.0,0,-75.0
1c22f619-565d-4ddf-b347-7d5863532793,2019-09-19 08:52:23,75.0,0,-75.0
1c22f619-565d-4ddf-b347-7d5863532793,2019-09-21 16:38:03,225.0,0,-225.0
1dae6bb0-2571-42be-b630-e2d581a745f3,2019-10-08 13:18:05,75.0,0,-75.0
2162a3d6-d561-45be-b88e-047e4da50650,2019-05-12 20:14:52,91.276,0,-91.276
2162a3d6-d561-45be-b88e-047e4da50650,2019-05-27 12:46:12,154.135,0,-154.135
2162a3d6-d561-45be-b88e-047e4da50650,2019-05-27 14:39:20,167.033,0,-167.033
2162a3d6-d561-45be-b88e-047e4da50650,2019-05-27 14:46:07,175.922,1,175.922
2162a3d6-d561-45be-b88e-047e4da50650,2019-06-01 15:01:52,86.124,0,-86.124
2162a3d6-d561-45be-b88e-047e4da50650,2019-06-05 23:24:46,130.732,1,130.732
2162a3d6-d561-45be-b88e-047e4da50650,2019-06-27 20:25:55,153.89700000000005,0,-153.89700000000005
2162a3d6-d561-45be-b88e-047e4da50650,2019-07-08 14:39:16,358.18300000000005,1,358.18300000000005
2162a3d6-d561-45be-b88e-047e4da50650,2019-07-13 17:04:22,86.84100000000002,0,-86.84100000000002
2162a3d6-d561-45be-b88e-047e4da50650,2019-07-27 17:03:30,100.78,0,-100.78
2162a3d6-d561-45be-b88e-047e4da50650,2019-08-01 18:23:03,37.5,0,-37.5
2162a3d6-d561-45be-b88e-047e4da50650,2019-08-07 19:49:52,150.0,0,-150.0
2162a3d6-d561-45be-b88e-047e4da50650,2019-08-09 18:31:56,150.0,0,-150.0
2162a3d6-d561-45be-b88e-047e4da50650,2019-09-04 19:12:37,150.0,0,-150.0
2162a3d6-d561-45be-b88e-047e4da50650,2019-10-12 19:12:57,105.0,0,-105.0
2162a3d6-d561-45be-b88e-047e4da50650,2019-11-07 12:07:08,42.075,0,-42.075
241ed4f2-05bf-4dd4-8301-c4ff52b4eb46,2019-05-27 16:59:20,3329.196,1,3329.196
241ed4f2-05bf-4dd4-8301-c4ff52b4eb46,2019-06-14 20:59:29,66.584,0,-66.584
241ed4f2-05bf-4dd4-8301-c4ff52b4eb46,2019-06-15 11:29:20,233.044,0,-233.044
241ed4f2-05bf-4dd4-8301-c4ff52b4eb46,2019-06-15 13:42:38,166.46,0,-166.46
241ed4f2-05bf-4dd4-8301-c4ff52b4eb46,2019-06-27 15:06:19,107.687,0,-107.687
241ed4f2-05bf-4dd4-8301-c4ff52b4eb46,2019-06-27 15:18:53,39.884,0,-39.884
241ed4f2-05bf-4dd4-8301-c4ff52b4eb46,2019-06-27 18:52:45,79.768,0,-79.768
241ed4f2-05bf-4dd4-8301-c4ff52b4eb46,2019-06-27 19:11:46,159.537,0,-159.537
241ed4f2-05bf-4dd4-8301-c4ff52b4eb46,2019-06-28 15:06:41,136.738,0,-136.738
241ed4f2-05bf-4dd4-8301-c4ff52b4eb46,2019-06-28 16:01:09,109.391,0,-109.391
241ed4f2-05bf-4dd4-8301-c4ff52b4eb46,2019-06-28 16:28:41,102.554,0,-102.554
241ed4f2-05bf-4dd4-8301-c4ff52b4eb46,2019-06-28 17:05:05,546.9540000000002,0,-546.9540000000002
241ed4f2-05bf-4dd4-8301-c4ff52b4eb46,2019-07-07 19:42:36,213.454,0,-213.454
241ed4f2-05bf-4dd4-8301-c4ff52b4eb46,2019-07-08 12:46:18,71.15100000000002,0,-71.15100000000002
241ed4f2-05bf-4dd4-8301-c4ff52b4eb46,2019-07-10 12:27:52,113.842,0,-113.842
241ed4f2-05bf-4dd4-8301-c4ff52b4eb46,2019-07-10 14:35:09,85.381,0,-85.381
241ed4f2-05bf-4dd4-8301-c4ff52b4eb46,2019-07-10 15:14:57,144.523,0,-144.523
241ed4f2-05bf-4dd4-8301-c4ff52b4eb46,2019-07-21 17:02:21,157.09,0,-157.09
241ed4f2-05bf-4dd4-8301-c4ff52b4eb46,2019-07-21 19:42:24,157.09,0,-157.09
241ed4f2-05bf-4dd4-8301-c4ff52b4eb46,2019-07-22 19:36:40,157.09,0,-157.09
241ed4f2-05bf-4dd4-8301-c4ff52b4eb46,2019-07-25 15:15:53,445.96,0,-445.96
241ed4f2-05bf-4dd4-8301-c4ff52b4eb46,2019-07-25 19:04:14,105.119,0,-105.119
241ed4f2-05bf-4dd4-8301-c4ff52b4eb46,2019-07-25 21:47:30,127.417,0,-127.417
241ed4f2-05bf-4dd4-8301-c4ff52b4eb46,2019-07-25 23:07:48,95.563,0,-95.563
241ed4f2-05bf-4dd4-8301-c4ff52b4eb46,2019-07-26 13:31:01,89.56200000000003,0,-89.56200000000003
241ed4f2-05bf-4dd4-8301-c4ff52b4eb46,2019-07-26 14:16:00,63.589,0,-63.589
241ed4f2-05bf-4dd4-8301-c4ff52b4eb46,2019-07-26 15:10:26,44.78100000000001,0,-44.78100000000001
241ed4f2-05bf-4dd4-8301-c4ff52b4eb46,2019-07-26 17:02:53,313.467,0,-313.467
241ed4f2-05bf-4dd4-8301-c4ff52b4eb46,2019-07-26 17:06:39,37.081,0,-37.081
241ed4f2-05bf-4dd4-8301-c4ff52b4eb46,2019-07-27 13:27:34,37.081,0,-37.081
241ed4f2-05bf-4dd4-8301-c4ff52b4eb46,2019-07-27 15:16:54,37.081,0,-37.081
241ed4f2-05bf-4dd4-8301-c4ff52b4eb46,2019-07-27 16:00:41,296.647,0,-296.647
241ed4f2-05bf-4dd4-8301-c4ff52b4eb46,2019-09-21 11:08:27,79.03399999999998,0,-79.03399999999998
241ed4f2-05bf-4dd4-8301-c4ff52b4eb46,2019-09-21 13:52:12,237.103,0,-237.103
241ed4f2-05bf-4dd4-8301-c4ff52b4eb46,2019-09-21 14:00:24,79.03399999999998,0,-79.03399999999998
241ed4f2-05bf-4dd4-8301-c4ff52b4eb46,2019-09-23 19:47:52,39.517,0,-39.517
241ed4f2-05bf-4dd4-8301-c4ff52b4eb46,2019-09-29 19:10:59,74.45,0,-74.45
241ed4f2-05bf-4dd4-8301-c4ff52b4eb46,2019-10-04 19:02:41,372.252,0,-372.252
241ed4f2-05bf-4dd4-8301-c4ff52b4eb46,2019-10-22 16:32:30,148.901,0,-148.901
241ed4f2-05bf-4dd4-8301-c4ff52b4eb46,2019-10-25 13:10:57,37.225,0,-37.225
241ed4f2-05bf-4dd4-8301-c4ff52b4eb46,2019-11-04 16:54:27,75.0,0,-75.0
241ed4f2-05bf-4dd4-8301-c4ff52b4eb46,2019-11-09 10:24:34,157.5,0,-157.5
253b0b15-5e38-4f03-a102-9fda47d1ecc8,2019-05-16 09:28:42,192.916,0,-192.916
253b0b15-5e38-4f03-a102-9fda47d1ecc8,2019-05-16 19:06:55,38.583,0,-38.583
253b0b15-5e38-4f03-a102-9fda47d1ecc8,2019-05-17 20:06:08,385.831,1,385.831
253b0b15-5e38-4f03-a102-9fda47d1ecc8,2019-05-18 10:59:06,38.583,0,-38.583
253b0b15-5e38-4f03-a102-9fda47d1ecc8,2019-05-18 11:31:33,38.583,0,-38.583
253b0b15-5e38-4f03-a102-9fda47d1ecc8,2019-05-18 17:57:37,38.583,0,-38.583
253b0b15-5e38-4f03-a102-9fda47d1ecc8,2019-05-19 15:17:05,46.3,0,-46.3
253b0b15-5e38-4f03-a102-9fda47d1ecc8,2019-05-19 19:40:42,38.583,0,-38.583
253b0b15-5e38-4f03-a102-9fda47d1ecc8,2019-05-20 15:12:43,38.583,0,-38.583
253b0b15-5e38-4f03-a102-9fda47d1ecc8,2019-05-20 17:48:16,38.583,0,-38.583
253b0b15-5e38-4f03-a102-9fda47d1ecc8,2019-05-20 17:52:13,38.583,0,-38.583
253b0b15-5e38-4f03-a102-9fda47d1ecc8,2019-05-20 19:32:20,77.166,0,-77.166
253b0b15-5e38-4f03-a102-9fda47d1ecc8,2019-05-21 17:46:30,77.166,0,-77.166
253b0b15-5e38-4f03-a102-9fda47d1ecc8,2019-05-21 18:55:11,77.166,0,-77.166
253b0b15-5e38-4f03-a102-9fda47d1ecc8,2019-05-22 17:37:53,38.583,0,-38.583
253b0b15-5e38-4f03-a102-9fda47d1ecc8,2019-05-22 17:53:54,38.583,0,-38.583
253b0b15-5e38-4f03-a102-9fda47d1ecc8,2019-05-22 18:32:56,38.583,0,-38.583
253b0b15-5e38-4f03-a102-9fda47d1ecc8,2019-05-22 18:51:38,38.583,0,-38.583
253b0b15-5e38-4f03-a102-9fda47d1ecc8,2019-05-22 19:33:56,38.583,0,-38.583
253b0b15-5e38-4f03-a102-9fda47d1ecc8,2019-05-24 15:01:31,38.583,0,-38.583
253b0b15-5e38-4f03-a102-9fda47d1ecc8,2019-05-25 14:32:53,38.583,0,-38.583
253b0b15-5e38-4f03-a102-9fda47d1ecc8,2019-05-25 16:36:27,38.583,0,-38.583
253b0b15-5e38-4f03-a102-9fda47d1ecc8,2019-05-26 13:30:20,462.9980000000001,1,462.9980000000001
253b0b15-5e38-4f03-a102-9fda47d1ecc8,2019-05-29 15:12:28,37.399,0,-37.399
253b0b15-5e38-4f03-a102-9fda47d1ecc8,2019-05-29 15:13:48,37.399,0,-37.399
253b0b15-5e38-4f03-a102-9fda47d1ecc8,2019-05-29 17:42:12,37.399,0,-37.399
253b0b15-5e38-4f03-a102-9fda47d1ecc8,2019-05-29 18:46:51,74.79899999999998,0,-74.79899999999998
253b0b15-5e38-4f03-a102-9fda47d1ecc8,2019-05-31 13:11:08,37.399,0,-37.399
253b0b15-5e38-4f03-a102-9fda47d1ecc8,2019-05-31 15:16:27,37.399,0,-37.399
253b0b15-5e38-4f03-a102-9fda47d1ecc8,2019-05-31 16:03:25,37.399,0,-37.399
253b0b15-5e38-4f03-a102-9fda47d1ecc8,2019-05-31 17:20:26,37.399,0,-37.399
253b0b15-5e38-4f03-a102-9fda47d1ecc8,2019-05-31 17:31:59,37.399,0,-37.399
253b0b15-5e38-4f03-a102-9fda47d1ecc8,2019-05-31 19:01:09,74.79899999999998,0,-74.79899999999998
253b0b15-5e38-4f03-a102-9fda47d1ecc8,2019-06-01 10:55:39,37.399,0,-37.399
253b0b15-5e38-4f03-a102-9fda47d1ecc8,2019-06-01 14:59:28,37.399,0,-37.399
253b0b15-5e38-4f03-a102-9fda47d1ecc8,2019-06-01 15:32:42,37.399,0,-37.399
253b0b15-5e38-4f03-a102-9fda47d1ecc8,2019-06-01 17:35:45,37.399,0,-37.399
253b0b15-5e38-4f03-a102-9fda47d1ecc8,2019-06-02 10:09:43,224.396,1,224.396
253b0b15-5e38-4f03-a102-9fda47d1ecc8,2019-06-02 21:04:47,37.399,0,-37.399
253b0b15-5e38-4f03-a102-9fda47d1ecc8,2019-06-03 18:16:40,37.399,0,-37.399
253b0b15-5e38-4f03-a102-9fda47d1ecc8,2019-06-03 21:00:05,37.399,0,-37.399
253b0b15-5e38-4f03-a102-9fda47d1ecc8,2019-06-05 19:44:27,37.399,0,-37.399
253b0b15-5e38-4f03-a102-9fda47d1ecc8,2019-06-05 20:14:12,37.399,0,-37.399
253b0b15-5e38-4f03-a102-9fda47d1ecc8,2019-06-15 08:03:45,74.79899999999998,0,-74.79899999999998
253b0b15-5e38-4f03-a102-9fda47d1ecc8,2019-06-15 15:39:23,37.399,0,-37.399
253b0b15-5e38-4f03-a102-9fda47d1ecc8,2019-06-18 15:56:14,37.399,0,-37.399
253b0b15-5e38-4f03-a102-9fda47d1ecc8,2019-06-18 21:53:01,33.895,0,-33.895
253b0b15-5e38-4f03-a102-9fda47d1ecc8,2019-06-19 16:49:56,33.895,0,-33.895
253b0b15-5e38-4f03-a102-9fda47d1ecc8,2019-06-20 14:35:47,135.578,0,-135.578
253b0b15-5e38-4f03-a102-9fda47d1ecc8,2019-06-20 17:20:07,33.895,0,-33.895
253b0b15-5e38-4f03-a102-9fda47d1ecc8,2019-06-21 17:57:41,33.895,0,-33.895
253b0b15-5e38-4f03-a102-9fda47d1ecc8,2019-06-21 18:39:05,33.895,0,-33.895
253b0b15-5e38-4f03-a102-9fda47d1ecc8,2019-06-21 19:32:31,67.789,0,-67.789
253b0b15-5e38-4f03-a102-9fda47d1ecc8,2019-06-22 11:43:39,33.895,0,-33.895
253b0b15-5e38-4f03-a102-9fda47d1ecc8,2019-06-23 16:27:51,33.895,0,-33.895
253b0b15-5e38-4f03-a102-9fda47d1ecc8,2019-06-23 21:59:12,33.895,0,-33.895
253b0b15-5e38-4f03-a102-9fda47d1ecc8,2019-06-24 19:36:02,33.895,0,-33.895
253b0b15-5e38-4f03-a102-9fda47d1ecc8,2019-06-24 20:27:44,33.895,0,-33.895
253b0b15-5e38-4f03-a102-9fda47d1ecc8,2019-06-24 20:36:47,33.895,0,-33.895
253b0b15-5e38-4f03-a102-9fda47d1ecc8,2019-06-25 15:08:37,33.895,0,-33.895
253b0b15-5e38-4f03-a102-9fda47d1ecc8,2019-06-25 20:57:23,33.895,0,-33.895
253b0b15-5e38-4f03-a102-9fda47d1ecc8,2019-06-25 21:43:35,33.895,0,-33.895
253b0b15-5e38-4f03-a102-9fda47d1ecc8,2019-06-25 22:06:10,33.895,0,-33.895
253b0b15-5e38-4f03-a102-9fda47d1ecc8,2019-06-26 11:16:06,33.895,0,-33.895
253b0b15-5e38-4f03-a102-9fda47d1ecc8,2019-06-26 19:23:43,33.895,0,-33.895
253b0b15-5e38-4f03-a102-9fda47d1ecc8,2019-06-26 20:44:19,33.895,0,-33.895
253b0b15-5e38-4f03-a102-9fda47d1ecc8,2019-06-26 21:20:29,33.895,0,-33.895
253b0b15-5e38-4f03-a102-9fda47d1ecc8,2019-06-26 22:01:19,33.895,0,-33.895
253b0b15-5e38-4f03-a102-9fda47d1ecc8,2019-06-27 10:48:22,33.895,0,-33.895
253b0b15-5e38-4f03-a102-9fda47d1ecc8,2019-06-28 14:13:47,84.835,0,-84.835
253b0b15-5e38-4f03-a102-9fda47d1ecc8,2019-06-28 17:01:49,42.418,0,-42.418
253b0b15-5e38-4f03-a102-9fda47d1ecc8,2019-06-28 18:35:36,42.418,0,-42.418
253b0b15-5e38-4f03-a102-9fda47d1ecc8,2019-06-28 19:24:49,42.418,0,-42.418
253b0b15-5e38-4f03-a102-9fda47d1ecc8,2019-06-30 18:19:34,42.418,0,-42.418
253b0b15-5e38-4f03-a102-9fda47d1ecc8,2019-06-30 18:50:17,42.418,0,-42.418
253b0b15-5e38-4f03-a102-9fda47d1ecc8,2019-06-30 21:15:24,42.418,0,-42.418
253b0b15-5e38-4f03-a102-9fda47d1ecc8,2019-07-01 18:50:09,42.418,0,-42.418
253b0b15-5e38-4f03-a102-9fda47d1ecc8,2019-07-01 20:49:06,42.418,0,-42.418
253b0b15-5e38-4f03-a102-9fda47d1ecc8,2019-07-01 21:28:42,42.418,0,-42.418
253b0b15-5e38-4f03-a102-9fda47d1ecc8,2019-07-02 17:58:21,42.418,0,-42.418
253b0b15-5e38-4f03-a102-9fda47d1ecc8,2019-07-02 18:08:40,42.418,0,-42.418
253b0b15-5e38-4f03-a102-9fda47d1ecc8,2019-07-03 17:12:18,42.418,0,-42.418
253b0b15-5e38-4f03-a102-9fda47d1ecc8,2019-07-03 18:21:53,42.418,0,-42.418
253b0b15-5e38-4f03-a102-9fda47d1ecc8,2019-07-03 18:56:01,42.418,0,-42.418
253b0b15-5e38-4f03-a102-9fda47d1ecc8,2019-07-03 19:16:03,42.418,0,-42.418
253b0b15-5e38-4f03-a102-9fda47d1ecc8,2019-07-03 19:26:29,42.418,0,-42.418
253b0b15-5e38-4f03-a102-9fda47d1ecc8,2019-07-04 11:24:21,42.418,0,-42.418
253b0b15-5e38-4f03-a102-9fda47d1ecc8,2019-07-16 11:28:56,42.418,0,-42.418
253b0b15-5e38-4f03-a102-9fda47d1ecc8,2019-07-16 12:35:41,42.418,0,-42.418
253b0b15-5e38-4f03-a102-9fda47d1ecc8,2019-07-16 18:05:42,42.418,0,-42.418
253b0b15-5e38-4f03-a102-9fda47d1ecc8,2019-07-16 18:11:33,67.868,0,-67.868
253b0b15-5e38-4f03-a102-9fda47d1ecc8,2019-07-17 18:45:33,84.835,0,-84.835
253b0b15-5e38-4f03-a102-9fda47d1ecc8,2019-07-18 17:48:25,30.951,0,-30.951
253b0b15-5e38-4f03-a102-9fda47d1ecc8,2019-07-19 12:56:25,61.903,0,-61.903
253b0b15-5e38-4f03-a102-9fda47d1ecc8,2019-07-19 19:22:08,61.903,0,-61.903
253b0b15-5e38-4f03-a102-9fda47d1ecc8,2019-07-20 11:48:35,30.951,0,-30.951
253b0b15-5e38-4f03-a102-9fda47d1ecc8,2019-07-20 15:59:09,30.951,0,-30.951
253b0b15-5e38-4f03-a102-9fda47d1ecc8,2019-07-20 18:29:46,30.951,0,-30.951
253b0b15-5e38-4f03-a102-9fda47d1ecc8,2019-07-25 03:09:50,61.903,0,-61.903
253b0b15-5e38-4f03-a102-9fda47d1ecc8,2019-07-25 15:14:12,30.951,0,-30.951
253b0b15-5e38-4f03-a102-9fda47d1ecc8,2019-07-25 19:10:17,30.951,0,-30.951
253b0b15-5e38-4f03-a102-9fda47d1ecc8,2019-07-25 19:47:10,30.951,0,-30.951
253b0b15-5e38-4f03-a102-9fda47d1ecc8,2019-07-26 16:17:09,61.903,0,-61.903
253b0b15-5e38-4f03-a102-9fda47d1ecc8,2019-07-26 18:15:20,30.951,0,-30.951
253b0b15-5e38-4f03-a102-9fda47d1ecc8,2019-07-26 18:59:46,30.951,0,-30.951
253b0b15-5e38-4f03-a102-9fda47d1ecc8,2019-07-27 12:25:37,30.951,0,-30.951
253b0b15-5e38-4f03-a102-9fda47d1ecc8,2019-07-27 16:59:13,30.951,0,-30.951
253b0b15-5e38-4f03-a102-9fda47d1ecc8,2019-07-27 17:40:47,30.951,0,-30.951
253b0b15-5e38-4f03-a102-9fda47d1ecc8,2019-07-27 18:04:41,30.951,0,-30.951
253b0b15-5e38-4f03-a102-9fda47d1ecc8,2019-07-28 20:37:45,30.951,0,-30.951
253b0b15-5e38-4f03-a102-9fda47d1ecc8,2019-07-30 20:43:46,30.951,0,-30.951
253b0b15-5e38-4f03-a102-9fda47d1ecc8,2019-07-31 20:21:48,30.951,0,-30.951
253b0b15-5e38-4f03-a102-9fda47d1ecc8,2019-08-01 15:33:53,30.951,0,-30.951
253b0b15-5e38-4f03-a102-9fda47d1ecc8,2019-08-01 19:10:19,30.951,0,-30.951
253b0b15-5e38-4f03-a102-9fda47d1ecc8,2019-08-01 20:41:02,30.951,0,-30.951
253b0b15-5e38-4f03-a102-9fda47d1ecc8,2019-08-01 21:30:44,88.839,0,-88.839
253b0b15-5e38-4f03-a102-9fda47d1ecc8,2019-08-01 21:35:20,44.42,0,-44.42
253b0b15-5e38-4f03-a102-9fda47d1ecc8,2019-08-03 17:03:10,44.42,0,-44.42
253b0b15-5e38-4f03-a102-9fda47d1ecc8,2019-08-06 19:05:13,44.42,0,-44.42
253b0b15-5e38-4f03-a102-9fda47d1ecc8,2019-08-07 18:06:55,44.42,0,-44.42
253b0b15-5e38-4f03-a102-9fda47d1ecc8,2019-08-07 19:00:48,44.42,0,-44.42
253b0b15-5e38-4f03-a102-9fda47d1ecc8,2019-08-08 16:23:21,88.839,0,-88.839
253b0b15-5e38-4f03-a102-9fda47d1ecc8,2019-08-08 18:15:26,44.42,0,-44.42
253b0b15-5e38-4f03-a102-9fda47d1ecc8,2019-08-09 10:35:37,44.42,0,-44.42
253b0b15-5e38-4f03-a102-9fda47d1ecc8,2019-08-09 10:41:06,44.42,0,-44.42
253b0b15-5e38-4f03-a102-9fda47d1ecc8,2019-08-09 17:46:21,44.42,0,-44.42
253b0b15-5e38-4f03-a102-9fda47d1ecc8,2019-08-09 18:06:17,44.42,0,-44.42
253b0b15-5e38-4f03-a102-9fda47d1ecc8,2019-08-09 19:18:58,44.42,0,-44.42
253b0b15-5e38-4f03-a102-9fda47d1ecc8,2019-08-09 19:24:56,222.098,1,222.098
253b0b15-5e38-4f03-a102-9fda47d1ecc8,2019-08-10 15:14:59,44.42,0,-44.42
253b0b15-5e38-4f03-a102-9fda47d1ecc8,2019-08-17 10:48:32,44.42,0,-44.42
253b0b15-5e38-4f03-a102-9fda47d1ecc8,2019-08-17 14:12:51,44.42,0,-44.42
253b0b15-5e38-4f03-a102-9fda47d1ecc8,2019-08-18 18:14:43,44.42,0,-44.42
253b0b15-5e38-4f03-a102-9fda47d1ecc8,2019-08-23 09:13:49,44.42,0,-44.42
253b0b15-5e38-4f03-a102-9fda47d1ecc8,2019-08-23 13:03:52,44.42,0,-44.42
253b0b15-5e38-4f03-a102-9fda47d1ecc8,2019-08-23 16:26:23,44.42,0,-44.42
253b0b15-5e38-4f03-a102-9fda47d1ecc8,2019-08-23 18:28:06,44.42,0,-44.42
253b0b15-5e38-4f03-a102-9fda47d1ecc8,2019-08-24 11:01:06,44.42,0,-44.42
253b0b15-5e38-4f03-a102-9fda47d1ecc8,2019-08-24 17:23:33,43.159,0,-43.159
253b0b15-5e38-4f03-a102-9fda47d1ecc8,2019-08-29 15:41:11,86.31700000000002,0,-86.31700000000002
253b0b15-5e38-4f03-a102-9fda47d1ecc8,2019-08-29 19:30:28,43.159,0,-43.159
253b0b15-5e38-4f03-a102-9fda47d1ecc8,2019-08-30 14:06:05,43.159,0,-43.159
253b0b15-5e38-4f03-a102-9fda47d1ecc8,2019-08-30 16:38:07,43.159,0,-43.159
253b0b15-5e38-4f03-a102-9fda47d1ecc8,2019-08-30 16:58:21,43.159,0,-43.159
253b0b15-5e38-4f03-a102-9fda47d1ecc8,2019-08-30 17:32:56,43.159,0,-43.159
253b0b15-5e38-4f03-a102-9fda47d1ecc8,2019-08-30 17:57:44,43.159,0,-43.159
253b0b15-5e38-4f03-a102-9fda47d1ecc8,2019-08-30 19:02:39,43.159,0,-43.159
253b0b15-5e38-4f03-a102-9fda47d1ecc8,2019-08-31 09:04:20,43.159,0,-43.159
253b0b15-5e38-4f03-a102-9fda47d1ecc8,2019-08-31 10:32:36,43.159,0,-43.159
253b0b15-5e38-4f03-a102-9fda47d1ecc8,2019-08-31 13:45:44,43.159,0,-43.159
253b0b15-5e38-4f03-a102-9fda47d1ecc8,2019-08-31 15:19:00,43.159,0,-43.159
253b0b15-5e38-4f03-a102-9fda47d1ecc8,2019-08-31 16:27:11,43.159,0,-43.159
253b0b15-5e38-4f03-a102-9fda47d1ecc8,2019-08-31 17:40:50,43.159,0,-43.159
253b0b15-5e38-4f03-a102-9fda47d1ecc8,2019-09-04 19:18:29,43.159,0,-43.159
253b0b15-5e38-4f03-a102-9fda47d1ecc8,2019-09-04 21:29:37,43.159,0,-43.159
253b0b15-5e38-4f03-a102-9fda47d1ecc8,2019-09-05 18:48:57,43.159,0,-43.159
253b0b15-5e38-4f03-a102-9fda47d1ecc8,2019-09-06 12:46:10,43.159,0,-43.159
253b0b15-5e38-4f03-a102-9fda47d1ecc8,2019-09-06 13:32:25,43.159,0,-43.159
253b0b15-5e38-4f03-a102-9fda47d1ecc8,2019-09-06 14:34:00,43.159,0,-43.159
253b0b15-5e38-4f03-a102-9fda47d1ecc8,2019-09-06 16:14:37,43.159,0,-43.159
253b0b15-5e38-4f03-a102-9fda47d1ecc8,2019-09-06 16:29:20,43.159,0,-43.159
253b0b15-5e38-4f03-a102-9fda47d1ecc8,2019-09-06 18:47:53,34.409,0,-34.409
253b0b15-5e38-4f03-a102-9fda47d1ecc8,2019-09-06 18:52:24,34.409,0,-34.409
253b0b15-5e38-4f03-a102-9fda47d1ecc8,2019-09-07 09:27:20,34.409,0,-34.409
253b0b15-5e38-4f03-a102-9fda47d1ecc8,2019-09-07 12:56:42,34.409,0,-34.409
253b0b15-5e38-4f03-a102-9fda47d1ecc8,2019-09-07 15:34:27,34.409,0,-34.409
253b0b15-5e38-4f03-a102-9fda47d1ecc8,2019-09-07 16:49:31,34.409,0,-34.409
253b0b15-5e38-4f03-a102-9fda47d1ecc8,2019-09-08 21:55:52,344.088,1,344.088
253b0b15-5e38-4f03-a102-9fda47d1ecc8,2019-09-09 13:10:58,34.409,0,-34.409
253b0b15-5e38-4f03-a102-9fda47d1ecc8,2019-09-09 19:45:09,34.409,0,-34.409
253b0b15-5e38-4f03-a102-9fda47d1ecc8,2019-09-09 21:03:29,34.409,0,-34.409
253b0b15-5e38-4f03-a102-9fda47d1ecc8,2019-09-09 21:56:41,34.409,0,-34.409
253b0b15-5e38-4f03-a102-9fda47d1ecc8,2019-09-10 11:57:30,34.409,0,-34.409
253b0b15-5e38-4f03-a102-9fda47d1ecc8,2019-09-10 16:26:38,34.409,0,-34.409
253b0b15-5e38-4f03-a102-9fda47d1ecc8,2019-09-10 20:31:48,34.409,0,-34.409
253b0b15-5e38-4f03-a102-9fda47d1ecc8,2019-09-11 11:45:04,34.409,0,-34.409
253b0b15-5e38-4f03-a102-9fda47d1ecc8,2019-09-11 19:22:53,34.409,0,-34.409
253b0b15-5e38-4f03-a102-9fda47d1ecc8,2019-09-11 20:39:01,34.409,0,-34.409
253b0b15-5e38-4f03-a102-9fda47d1ecc8,2019-09-11 21:09:06,34.409,0,-34.409
253b0b15-5e38-4f03-a102-9fda47d1ecc8,2019-09-12 19:22:41,34.409,0,-34.409
253b0b15-5e38-4f03-a102-9fda47d1ecc8,2019-09-14 10:29:46,34.409,0,-34.409
253b0b15-5e38-4f03-a102-9fda47d1ecc8,2019-09-14 13:56:26,34.409,0,-34.409
253b0b15-5e38-4f03-a102-9fda47d1ecc8,2019-09-14 15:00:36,34.409,0,-34.409
253b0b15-5e38-4f03-a102-9fda47d1ecc8,2019-09-14 18:10:28,34.409,0,-34.409
253b0b15-5e38-4f03-a102-9fda47d1ecc8,2019-09-14 18:27:16,36.13,0,-36.13
253b0b15-5e38-4f03-a102-9fda47d1ecc8,2019-09-15 19:19:29,36.13,0,-36.13
253b0b15-5e38-4f03-a102-9fda47d1ecc8,2019-09-16 17:46:01,36.13,0,-36.13
253b0b15-5e38-4f03-a102-9fda47d1ecc8,2019-09-16 18:55:20,36.13,0,-36.13
253b0b15-5e38-4f03-a102-9fda47d1ecc8,2019-09-16 19:40:01,36.13,0,-36.13
253b0b15-5e38-4f03-a102-9fda47d1ecc8,2019-09-17 18:42:29,36.13,0,-36.13
253b0b15-5e38-4f03-a102-9fda47d1ecc8,2019-09-18 18:17:24,36.13,0,-36.13
253b0b15-5e38-4f03-a102-9fda47d1ecc8,2019-09-18 20:29:32,36.13,0,-36.13
253b0b15-5e38-4f03-a102-9fda47d1ecc8,2019-09-20 18:35:36,36.13,0,-36.13
253b0b15-5e38-4f03-a102-9fda47d1ecc8,2019-09-20 19:04:04,36.13,0,-36.13
253b0b15-5e38-4f03-a102-9fda47d1ecc8,2019-09-21 08:07:27,36.13,0,-36.13
253b0b15-5e38-4f03-a102-9fda47d1ecc8,2019-09-21 10:38:18,36.13,0,-36.13
253b0b15-5e38-4f03-a102-9fda47d1ecc8,2019-09-21 14:22:57,36.13,0,-36.13
253b0b15-5e38-4f03-a102-9fda47d1ecc8,2019-09-25 17:06:06,36.13,0,-36.13
253b0b15-5e38-4f03-a102-9fda47d1ecc8,2019-09-26 15:06:58,36.13,0,-36.13
253b0b15-5e38-4f03-a102-9fda47d1ecc8,2019-09-27 18:29:31,36.13,0,-36.13
253b0b15-5e38-4f03-a102-9fda47d1ecc8,2019-09-27 18:49:33,36.13,0,-36.13
253b0b15-5e38-4f03-a102-9fda47d1ecc8,2019-09-27 19:12:33,36.13,0,-36.13
253b0b15-5e38-4f03-a102-9fda47d1ecc8,2019-09-27 19:50:52,36.13,0,-36.13
253b0b15-5e38-4f03-a102-9fda47d1ecc8,2019-09-27 20:06:38,72.26100000000002,0,-72.26100000000002
253b0b15-5e38-4f03-a102-9fda47d1ecc8,2019-09-28 10:27:04,72.26100000000002,0,-72.26100000000002
253b0b15-5e38-4f03-a102-9fda47d1ecc8,2019-09-28 13:12:20,36.13,0,-36.13
253b0b15-5e38-4f03-a102-9fda47d1ecc8,2019-09-28 15:29:27,36.13,0,-36.13
253b0b15-5e38-4f03-a102-9fda47d1ecc8,2019-09-28 17:16:16,44.762,0,-44.762
253b0b15-5e38-4f03-a102-9fda47d1ecc8,2019-09-29 11:40:34,44.762,0,-44.762
253b0b15-5e38-4f03-a102-9fda47d1ecc8,2019-09-29 20:41:31,268.573,1,268.573
253b0b15-5e38-4f03-a102-9fda47d1ecc8,2019-09-30 16:33:54,44.762,0,-44.762
253b0b15-5e38-4f03-a102-9fda47d1ecc8,2019-09-30 18:21:39,44.762,0,-44.762
253b0b15-5e38-4f03-a102-9fda47d1ecc8,2019-09-30 18:55:31,44.762,0,-44.762
253b0b15-5e38-4f03-a102-9fda47d1ecc8,2019-09-30 19:33:18,44.762,0,-44.762
253b0b15-5e38-4f03-a102-9fda47d1ecc8,2019-10-01 12:35:39,44.762,0,-44.762
253b0b15-5e38-4f03-a102-9fda47d1ecc8,2019-10-02 09:01:20,44.762,0,-44.762
253b0b15-5e38-4f03-a102-9fda47d1ecc8,2019-10-02 17:57:05,44.762,0,-44.762
253b0b15-5e38-4f03-a102-9fda47d1ecc8,2019-10-02 18:59:34,44.762,0,-44.762
253b0b15-5e38-4f03-a102-9fda47d1ecc8,2019-10-03 10:16:04,44.762,0,-44.762
253b0b15-5e38-4f03-a102-9fda47d1ecc8,2019-10-03 14:40:16,44.762,0,-44.762
253b0b15-5e38-4f03-a102-9fda47d1ecc8,2019-10-03 17:47:50,44.762,0,-44.762
253b0b15-5e38-4f03-a102-9fda47d1ecc8,2019-10-04 09:03:01,44.762,0,-44.762
253b0b15-5e38-4f03-a102-9fda47d1ecc8,2019-10-05 09:19:13,44.762,0,-44.762
253b0b15-5e38-4f03-a102-9fda47d1ecc8,2019-10-05 15:39:44,44.762,0,-44.762
253b0b15-5e38-4f03-a102-9fda47d1ecc8,2019-10-06 14:24:11,44.762,0,-44.762
253b0b15-5e38-4f03-a102-9fda47d1ecc8,2019-10-06 17:28:49,44.762,0,-44.762
253b0b15-5e38-4f03-a102-9fda47d1ecc8,2019-10-06 18:38:40,44.762,0,-44.762
253b0b15-5e38-4f03-a102-9fda47d1ecc8,2019-10-07 12:17:26,44.762,0,-44.762
253b0b15-5e38-4f03-a102-9fda47d1ecc8,2019-10-11 00:29:58,44.762,0,-44.762
253b0b15-5e38-4f03-a102-9fda47d1ecc8,2019-11-02 14:41:04,89.524,0,-89.524
253b0b15-5e38-4f03-a102-9fda47d1ecc8,2019-11-03 16:24:18,37.5,0,-37.5
2dca53c3-2776-4d0c-95ab-86d3a6dea301,2019-05-08 12:36:05,84.37200000000001,0,-84.37200000000001
2dca53c3-2776-4d0c-95ab-86d3a6dea301,2019-05-10 14:56:04,84.37200000000001,0,-84.37200000000001
2dca53c3-2776-4d0c-95ab-86d3a6dea301,2019-05-11 09:21:10,42.18600000000001,0,-42.18600000000001
2dca53c3-2776-4d0c-95ab-86d3a6dea301,2019-05-11 09:21:35,42.18600000000001,0,-42.18600000000001
2dca53c3-2776-4d0c-95ab-86d3a6dea301,2019-05-21 11:37:07,81.84100000000002,0,-81.84100000000002
2dca53c3-2776-4d0c-95ab-86d3a6dea301,2019-05-26 09:36:40,42.18600000000001,0,-42.18600000000001
2dca53c3-2776-4d0c-95ab-86d3a6dea301,2019-05-26 09:37:13,39.681,0,-39.681
2dca53c3-2776-4d0c-95ab-86d3a6dea301,2019-05-28 18:28:07,79.362,0,-79.362
2dca53c3-2776-4d0c-95ab-86d3a6dea301,2019-06-08 13:26:47,79.362,0,-79.362
2dca53c3-2776-4d0c-95ab-86d3a6dea301,2019-06-09 11:36:24,79.362,0,-79.362
2dca53c3-2776-4d0c-95ab-86d3a6dea301,2019-06-11 13:49:12,79.362,0,-79.362
2dca53c3-2776-4d0c-95ab-86d3a6dea301,2019-06-18 09:36:25,79.362,0,-79.362
2dca53c3-2776-4d0c-95ab-86d3a6dea301,2019-06-21 17:44:14,67.42,0,-67.42
2dca53c3-2776-4d0c-95ab-86d3a6dea301,2019-06-22 09:28:33,40.452,0,-40.452
2dca53c3-2776-4d0c-95ab-86d3a6dea301,2019-06-23 10:29:01,67.42,0,-67.42
2dca53c3-2776-4d0c-95ab-86d3a6dea301,2019-06-24 18:41:13,67.42,0,-67.42
2dca53c3-2776-4d0c-95ab-86d3a6dea301,2019-06-25 16:46:03,67.42,0,-67.42
2dca53c3-2776-4d0c-95ab-86d3a6dea301,2019-06-27 13:54:43,67.42,0,-67.42
2dca53c3-2776-4d0c-95ab-86d3a6dea301,2019-06-30 09:39:30,81.42,0,-81.42
2dca53c3-2776-4d0c-95ab-86d3a6dea301,2019-07-03 12:16:32,81.42,0,-81.42
2dca53c3-2776-4d0c-95ab-86d3a6dea301,2019-07-07 11:44:12,81.42,0,-81.42
2dca53c3-2776-4d0c-95ab-86d3a6dea301,2019-07-08 11:50:18,81.42,0,-81.42
2dca53c3-2776-4d0c-95ab-86d3a6dea301,2019-07-21 10:35:59,81.42,0,-81.42
2dca53c3-2776-4d0c-95ab-86d3a6dea301,2019-07-22 11:50:39,81.42,0,-81.42
2dca53c3-2776-4d0c-95ab-86d3a6dea301,2019-08-04 12:00:07,73.178,0,-73.178
2dca53c3-2776-4d0c-95ab-86d3a6dea301,2019-08-06 20:17:05,65.86,0,-65.86
2dca53c3-2776-4d0c-95ab-86d3a6dea301,2019-08-07 11:49:12,73.178,0,-73.178
2dca53c3-2776-4d0c-95ab-86d3a6dea301,2019-08-09 08:52:04,73.178,0,-73.178
2dca53c3-2776-4d0c-95ab-86d3a6dea301,2019-08-10 16:22:40,73.178,0,-73.178
2dca53c3-2776-4d0c-95ab-86d3a6dea301,2019-08-11 10:12:16,73.178,0,-73.178
2dca53c3-2776-4d0c-95ab-86d3a6dea301,2019-08-15 11:11:21,64.967,0,-64.967
2dca53c3-2776-4d0c-95ab-86d3a6dea301,2019-08-26 09:56:50,64.967,0,-64.967
2dca53c3-2776-4d0c-95ab-86d3a6dea301,2019-09-05 08:56:25,64.967,0,-64.967
2dca53c3-2776-4d0c-95ab-86d3a6dea301,2019-09-10 12:45:06,64.967,0,-64.967
2dca53c3-2776-4d0c-95ab-86d3a6dea301,2019-09-11 15:50:20,64.967,0,-64.967
2dca53c3-2776-4d0c-95ab-86d3a6dea301,2019-09-12 16:04:06,1948.997,1,1948.997
2dca53c3-2776-4d0c-95ab-86d3a6dea301,2019-09-12 16:21:27,837.431,3,-837.431
2dca53c3-2776-4d0c-95ab-86d3a6dea301,2019-09-12 16:48:43,837.431,3,-837.431
2dca53c3-2776-4d0c-95ab-86d3a6dea301,2019-09-12 17:04:35,418.715,3,-418.715
2dca53c3-2776-4d0c-95ab-86d3a6dea301,2019-09-12 17:10:23,418.715,3,-418.715
2dca53c3-2776-4d0c-95ab-86d3a6dea301,2019-09-18 14:30:22,83.743,0,-83.743
2dca53c3-2776-4d0c-95ab-86d3a6dea301,2019-09-19 08:36:09,83.743,0,-83.743
2dca53c3-2776-4d0c-95ab-86d3a6dea301,2019-09-27 14:04:21,77.415,0,-77.415
2dca53c3-2776-4d0c-95ab-86d3a6dea301,2019-10-02 11:05:46,77.415,0,-77.415
2dca53c3-2776-4d0c-95ab-86d3a6dea301,2019-10-03 07:33:10,77.415,0,-77.415
2dca53c3-2776-4d0c-95ab-86d3a6dea301,2019-10-04 18:31:18,77.415,0,-77.415
2dca53c3-2776-4d0c-95ab-86d3a6dea301,2019-10-05 08:46:50,77.415,0,-77.415
2dca53c3-2776-4d0c-95ab-86d3a6dea301,2019-10-06 11:22:03,77.415,0,-77.415
2dca53c3-2776-4d0c-95ab-86d3a6dea301,2019-10-10 12:43:28,85.413,0,-85.413
2dca53c3-2776-4d0c-95ab-86d3a6dea301,2019-10-13 10:23:52,85.413,0,-85.413
2dca53c3-2776-4d0c-95ab-86d3a6dea301,2019-10-14 16:45:03,85.413,0,-85.413
2dca53c3-2776-4d0c-95ab-86d3a6dea301,2019-10-14 17:16:03,1281.193,1,1281.193
2dca53c3-2776-4d0c-95ab-86d3a6dea301,2019-10-14 20:09:54,427.064,3,-427.064
2dca53c3-2776-4d0c-95ab-86d3a6dea301,2019-10-14 20:49:54,427.064,3,-427.064
2dca53c3-2776-4d0c-95ab-86d3a6dea301,2019-10-14 20:57:58,387.9380000000001,3,-387.9380000000001
2dca53c3-2776-4d0c-95ab-86d3a6dea301,2019-10-14 21:56:50,775.875,1,775.875
2dca53c3-2776-4d0c-95ab-86d3a6dea301,2019-10-15 06:45:59,232.763,3,-232.763
2dca53c3-2776-4d0c-95ab-86d3a6dea301,2019-10-15 07:01:44,543.113,3,-543.113
2dca53c3-2776-4d0c-95ab-86d3a6dea301,2019-10-15 12:06:18,77.58800000000002,0,-77.58800000000002
2dca53c3-2776-4d0c-95ab-86d3a6dea301,2019-10-29 10:26:42,77.58800000000002,0,-77.58800000000002
2dca53c3-2776-4d0c-95ab-86d3a6dea301,2019-10-31 09:21:31,75.0,0,-75.0
313f401b-efe8-4c7f-aefa-23fa4fa2fa81,2019-08-22 01:34:29,75.0,0,-75.0
32428702-9626-41dc-b778-80e5ec31f882,2019-05-07 12:27:23,75.0,0,-75.0
32428702-9626-41dc-b778-80e5ec31f882,2019-06-09 14:41:35,75.0,0,-75.0
32428702-9626-41dc-b778-80e5ec31f882,2019-07-07 13:59:02,75.0,0,-75.0
32428702-9626-41dc-b778-80e5ec31f882,2019-08-12 14:49:39,75.0,0,-75.0
32428702-9626-41dc-b778-80e5ec31f882,2019-09-09 09:01:36,75.0,0,-75.0
32428702-9626-41dc-b778-80e5ec31f882,2019-10-17 14:02:31,75.0,0,-75.0
35d17991-5d62-4abb-9192-26ed798f7a78,2019-05-09 13:35:33,153.27100000000004,0,-153.27100000000004
35d17991-5d62-4abb-9192-26ed798f7a78,2019-05-16 14:21:04,153.27100000000004,0,-153.27100000000004
35d17991-5d62-4abb-9192-26ed798f7a78,2019-05-25 17:58:58,67.447,0,-67.447
35d17991-5d62-4abb-9192-26ed798f7a78,2019-05-30 12:16:18,134.895,0,-134.895
35d17991-5d62-4abb-9192-26ed798f7a78,2019-06-02 17:21:56,67.528,0,-67.528
35d17991-5d62-4abb-9192-26ed798f7a78,2019-06-06 11:13:38,67.528,0,-67.528
35d17991-5d62-4abb-9192-26ed798f7a78,2019-06-14 11:21:37,108.023,0,-108.023
35d17991-5d62-4abb-9192-26ed798f7a78,2019-06-27 11:38:45,144.03,0,-144.03
35d17991-5d62-4abb-9192-26ed798f7a78,2019-07-02 14:09:38,168.604,0,-168.604
35d17991-5d62-4abb-9192-26ed798f7a78,2019-07-05 14:34:38,84.302,0,-84.302
35d17991-5d62-4abb-9192-26ed798f7a78,2019-07-08 13:33:01,150.238,0,-150.238
35d17991-5d62-4abb-9192-26ed798f7a78,2019-07-11 12:11:11,150.238,0,-150.238
35d17991-5d62-4abb-9192-26ed798f7a78,2019-07-12 12:14:56,188.451,0,-188.451
35d17991-5d62-4abb-9192-26ed798f7a78,2019-08-02 09:47:54,150.76,0,-150.76
35d17991-5d62-4abb-9192-26ed798f7a78,2019-08-08 13:20:16,100.377,0,-100.377
35d17991-5d62-4abb-9192-26ed798f7a78,2019-08-09 11:57:14,100.377,0,-100.377
35d17991-5d62-4abb-9192-26ed798f7a78,2019-08-15 11:42:20,107.233,0,-107.233
35d17991-5d62-4abb-9192-26ed798f7a78,2019-08-22 09:06:12,142.977,0,-142.977
35d17991-5d62-4abb-9192-26ed798f7a78,2019-08-23 11:19:57,77.383,0,-77.383
35d17991-5d62-4abb-9192-26ed798f7a78,2019-08-29 11:36:32,154.765,0,-154.765
35d17991-5d62-4abb-9192-26ed798f7a78,2019-09-05 11:15:21,150.0,0,-150.0
35d17991-5d62-4abb-9192-26ed798f7a78,2019-09-06 11:01:01,150.0,0,-150.0
35d17991-5d62-4abb-9192-26ed798f7a78,2019-09-12 08:11:38,150.0,0,-150.0
35d17991-5d62-4abb-9192-26ed798f7a78,2019-09-26 11:14:25,9510.0,1,9510.0
35d17991-5d62-4abb-9192-26ed798f7a78,2019-10-10 14:55:53,135.0,0,-135.0
38c4e1f5-3a63-4283-9e7c-4ed2b7b43517,2019-05-09 14:23:58,2599.221,0,-2599.221
38c4e1f5-3a63-4283-9e7c-4ed2b7b43517,2019-05-09 16:56:01,1528.954,1,1528.954
38c4e1f5-3a63-4283-9e7c-4ed2b7b43517,2019-05-10 20:04:52,4036.438,0,-4036.438
38c4e1f5-3a63-4283-9e7c-4ed2b7b43517,2019-05-11 09:48:11,3696.114,1,3696.114
38c4e1f5-3a63-4283-9e7c-4ed2b7b43517,2019-05-13 09:58:56,1514.8010000000004,1,1514.8010000000004
38c4e1f5-3a63-4283-9e7c-4ed2b7b43517,2019-06-02 22:37:51,3635.522,1,3635.522
38c4e1f5-3a63-4283-9e7c-4ed2b7b43517,2019-06-04 10:47:50,2136.274,1,2136.274
38c4e1f5-3a63-4283-9e7c-4ed2b7b43517,2019-06-08 10:55:07,2136.274,1,2136.274
38c4e1f5-3a63-4283-9e7c-4ed2b7b43517,2019-06-12 12:43:18,2136.274,1,2136.274
38c4e1f5-3a63-4283-9e7c-4ed2b7b43517,2019-06-21 17:58:53,1661.216,1,1661.216
38c4e1f5-3a63-4283-9e7c-4ed2b7b43517,2019-06-24 17:29:14,1661.216,1,1661.216
38c4e1f5-3a63-4283-9e7c-4ed2b7b43517,2019-06-25 07:40:05,1661.216,1,1661.216
38c4e1f5-3a63-4283-9e7c-4ed2b7b43517,2019-06-27 12:15:10,2105.717,1,2105.717
38c4e1f5-3a63-4283-9e7c-4ed2b7b43517,2019-06-28 15:51:04,2105.717,1,2105.717
38c4e1f5-3a63-4283-9e7c-4ed2b7b43517,2019-06-29 16:57:31,2105.717,1,2105.717
38c4e1f5-3a63-4283-9e7c-4ed2b7b43517,2019-07-06 10:52:37,2207.46,1,2207.46
38c4e1f5-3a63-4283-9e7c-4ed2b7b43517,2019-07-13 14:08:54,2207.46,1,2207.46
38c4e1f5-3a63-4283-9e7c-4ed2b7b43517,2019-07-21 18:32:29,1103.73,1,1103.73
38c4e1f5-3a63-4283-9e7c-4ed2b7b43517,2019-07-28 17:41:06,4005.486,1,4005.486
38c4e1f5-3a63-4283-9e7c-4ed2b7b43517,2019-08-01 17:32:36,1820.676,1,1820.676
38c4e1f5-3a63-4283-9e7c-4ed2b7b43517,2019-08-03 10:18:33,4005.486,1,4005.486
38c4e1f5-3a63-4283-9e7c-4ed2b7b43517,2019-08-10 07:41:14,36867.326,1,36867.326
38c4e1f5-3a63-4283-9e7c-4ed2b7b43517,2019-08-10 15:54:44,1106.02,1,1106.02
38c4e1f5-3a63-4283-9e7c-4ed2b7b43517,2019-08-26 14:20:17,11990.065,0,-11990.065
38c4e1f5-3a63-4283-9e7c-4ed2b7b43517,2019-08-28 18:10:10,8429.273000000001,0,-8429.273000000001
38c4e1f5-3a63-4283-9e7c-4ed2b7b43517,2019-08-29 11:23:00,8429.273000000001,1,8429.273000000001
38c4e1f5-3a63-4283-9e7c-4ed2b7b43517,2019-09-07 16:34:02,1806.273,1,1806.273
38c4e1f5-3a63-4283-9e7c-4ed2b7b43517,2019-09-08 11:29:36,2269.181,1,2269.181
38c4e1f5-3a63-4283-9e7c-4ed2b7b43517,2019-09-09 16:50:26,2269.181,1,2269.181
38c4e1f5-3a63-4283-9e7c-4ed2b7b43517,2019-09-10 19:22:35,37819.677,0,-37819.677
38c4e1f5-3a63-4283-9e7c-4ed2b7b43517,2019-09-13 16:25:53,45432.675,1,45432.675
3956d3a1-39a0-403e-83ef-83aabe1578fb,2019-05-09 13:23:31,57.614,0,-57.614
3956d3a1-39a0-403e-83ef-83aabe1578fb,2019-05-11 15:58:32,422.506,1,422.506
3956d3a1-39a0-403e-83ef-83aabe1578fb,2019-05-16 22:57:21,38.41,0,-38.41
3956d3a1-39a0-403e-83ef-83aabe1578fb,2019-05-23 19:55:59,38.41,0,-38.41
3956d3a1-39a0-403e-83ef-83aabe1578fb,2019-05-24 10:58:18,84.501,0,-84.501
3956d3a1-39a0-403e-83ef-83aabe1578fb,2019-05-27 13:09:17,38.41,0,-38.41
3956d3a1-39a0-403e-83ef-83aabe1578fb,2019-05-27 20:00:02,38.41,0,-38.41
3956d3a1-39a0-403e-83ef-83aabe1578fb,2019-05-29 13:43:38,36.117,0,-36.117
3956d3a1-39a0-403e-83ef-83aabe1578fb,2019-06-03 13:51:10,36.117,0,-36.117
3956d3a1-39a0-403e-83ef-83aabe1578fb,2019-06-04 22:04:49,361.173,1,361.173
3956d3a1-39a0-403e-83ef-83aabe1578fb,2019-06-06 16:29:57,36.117,0,-36.117
3956d3a1-39a0-403e-83ef-83aabe1578fb,2019-06-08 13:43:46,36.117,0,-36.117
3956d3a1-39a0-403e-83ef-83aabe1578fb,2019-06-10 19:43:40,36.117,0,-36.117
3956d3a1-39a0-403e-83ef-83aabe1578fb,2019-06-13 10:06:19,72.235,0,-72.235
3956d3a1-39a0-403e-83ef-83aabe1578fb,2019-06-13 10:37:20,34.061,0,-34.061
3956d3a1-39a0-403e-83ef-83aabe1578fb,2019-06-13 21:44:11,34.061,0,-34.061
3956d3a1-39a0-403e-83ef-83aabe1578fb,2019-06-14 09:17:17,34.061,0,-34.061
3956d3a1-39a0-403e-83ef-83aabe1578fb,2019-06-14 20:38:09,68.122,0,-68.122
3956d3a1-39a0-403e-83ef-83aabe1578fb,2019-06-17 19:09:11,68.122,0,-68.122
3956d3a1-39a0-403e-83ef-83aabe1578fb,2019-06-24 15:55:04,34.061,0,-34.061
3956d3a1-39a0-403e-83ef-83aabe1578fb,2019-06-25 18:38:07,34.061,0,-34.061
3956d3a1-39a0-403e-83ef-83aabe1578fb,2019-06-28 09:17:18,34.683,0,-34.683
3956d3a1-39a0-403e-83ef-83aabe1578fb,2019-07-01 16:58:52,34.683,0,-34.683
3956d3a1-39a0-403e-83ef-83aabe1578fb,2019-07-04 07:55:35,34.683,0,-34.683
3956d3a1-39a0-403e-83ef-83aabe1578fb,2019-07-05 12:08:23,208.096,1,208.096
3956d3a1-39a0-403e-83ef-83aabe1578fb,2019-07-06 12:53:14,34.683,3,-34.683
3956d3a1-39a0-403e-83ef-83aabe1578fb,2019-07-06 16:54:06,69.365,3,-69.365
3956d3a1-39a0-403e-83ef-83aabe1578fb,2019-07-06 18:26:30,104.048,0,-104.048
3956d3a1-39a0-403e-83ef-83aabe1578fb,2019-07-09 15:49:49,119.677,0,-119.677
3956d3a1-39a0-403e-83ef-83aabe1578fb,2019-07-10 16:47:29,79.785,0,-79.785
3956d3a1-39a0-403e-83ef-83aabe1578fb,2019-07-11 15:06:04,39.892,0,-39.892
3956d3a1-39a0-403e-83ef-83aabe1578fb,2019-07-13 11:43:22,39.892,0,-39.892
3956d3a1-39a0-403e-83ef-83aabe1578fb,2019-07-13 15:25:08,39.892,0,-39.892
3956d3a1-39a0-403e-83ef-83aabe1578fb,2019-07-14 12:30:50,39.892,0,-39.892
3956d3a1-39a0-403e-83ef-83aabe1578fb,2019-07-15 19:58:57,79.785,0,-79.785
3956d3a1-39a0-403e-83ef-83aabe1578fb,2019-07-19 12:11:09,61.331,0,-61.331
3956d3a1-39a0-403e-83ef-83aabe1578fb,2019-07-25 17:30:22,30.665,0,-30.665
3956d3a1-39a0-403e-83ef-83aabe1578fb,2019-07-26 13:13:38,30.665,0,-30.665
3956d3a1-39a0-403e-83ef-83aabe1578fb,2019-07-27 16:28:46,30.665,0,-30.665
3956d3a1-39a0-403e-83ef-83aabe1578fb,2019-07-29 19:25:11,30.665,0,-30.665
3956d3a1-39a0-403e-83ef-83aabe1578fb,2019-07-29 21:14:08,30.665,0,-30.665
3956d3a1-39a0-403e-83ef-83aabe1578fb,2019-07-30 20:47:26,30.665,0,-30.665
3956d3a1-39a0-403e-83ef-83aabe1578fb,2019-08-02 10:41:50,34.716,0,-34.716
3956d3a1-39a0-403e-83ef-83aabe1578fb,2019-08-03 14:06:15,69.431,0,-69.431
3956d3a1-39a0-403e-83ef-83aabe1578fb,2019-08-04 18:52:55,34.716,0,-34.716
3956d3a1-39a0-403e-83ef-83aabe1578fb,2019-08-05 13:50:08,69.431,0,-69.431
3956d3a1-39a0-403e-83ef-83aabe1578fb,2019-08-08 14:30:55,34.716,0,-34.716
3956d3a1-39a0-403e-83ef-83aabe1578fb,2019-08-08 21:02:50,34.716,0,-34.716
3956d3a1-39a0-403e-83ef-83aabe1578fb,2019-08-09 20:41:59,138.863,0,-138.863
3956d3a1-39a0-403e-83ef-83aabe1578fb,2019-08-13 12:36:10,40.38,0,-40.38
3956d3a1-39a0-403e-83ef-83aabe1578fb,2019-08-14 14:14:43,40.38,0,-40.38
3956d3a1-39a0-403e-83ef-83aabe1578fb,2019-08-18 12:22:53,80.759,0,-80.759
3956d3a1-39a0-403e-83ef-83aabe1578fb,2019-08-20 13:25:59,40.38,0,-40.38
3956d3a1-39a0-403e-83ef-83aabe1578fb,2019-08-20 20:33:45,40.38,0,-40.38
3956d3a1-39a0-403e-83ef-83aabe1578fb,2019-08-23 12:42:13,40.38,0,-40.38
3956d3a1-39a0-403e-83ef-83aabe1578fb,2019-08-23 12:50:13,40.38,0,-40.38
3956d3a1-39a0-403e-83ef-83aabe1578fb,2019-08-23 14:02:55,69.182,0,-69.182
3956d3a1-39a0-403e-83ef-83aabe1578fb,2019-08-23 20:44:23,311.318,1,311.318
3956d3a1-39a0-403e-83ef-83aabe1578fb,2019-08-29 13:04:12,34.591,0,-34.591
3956d3a1-39a0-403e-83ef-83aabe1578fb,2019-08-30 10:29:07,34.591,0,-34.591
3956d3a1-39a0-403e-83ef-83aabe1578fb,2019-08-31 10:43:45,34.591,0,-34.591
3956d3a1-39a0-403e-83ef-83aabe1578fb,2019-08-31 15:22:09,69.182,0,-69.182
3956d3a1-39a0-403e-83ef-83aabe1578fb,2019-08-31 15:38:06,34.591,0,-34.591
3956d3a1-39a0-403e-83ef-83aabe1578fb,2019-09-01 20:14:33,70.44800000000002,0,-70.44800000000002
3956d3a1-39a0-403e-83ef-83aabe1578fb,2019-09-02 13:52:26,70.44800000000002,0,-70.44800000000002
3956d3a1-39a0-403e-83ef-83aabe1578fb,2019-09-03 16:03:08,70.44800000000002,0,-70.44800000000002
3956d3a1-39a0-403e-83ef-83aabe1578fb,2019-09-07 12:20:14,70.44800000000002,0,-70.44800000000002
3956d3a1-39a0-403e-83ef-83aabe1578fb,2019-09-09 19:46:14,70.44800000000002,0,-70.44800000000002
3956d3a1-39a0-403e-83ef-83aabe1578fb,2019-09-10 13:44:31,98.627,0,-98.627
3956d3a1-39a0-403e-83ef-83aabe1578fb,2019-09-10 21:19:59,35.22400000000001,0,-35.22400000000001
3956d3a1-39a0-403e-83ef-83aabe1578fb,2019-09-13 11:03:08,75.0,0,-75.0
3956d3a1-39a0-403e-83ef-83aabe1578fb,2019-09-16 11:21:35,75.0,0,-75.0
3956d3a1-39a0-403e-83ef-83aabe1578fb,2019-09-16 14:20:50,75.0,0,-75.0
3956d3a1-39a0-403e-83ef-83aabe1578fb,2019-09-20 19:56:47,75.0,0,-75.0
3956d3a1-39a0-403e-83ef-83aabe1578fb,2019-10-14 00:31:17,37.5,0,-37.5
3a00f1b4-9f6a-4f0f-9798-0fc22723a352,2019-08-31 17:21:33,75.0,0,-75.0
3a00f1b4-9f6a-4f0f-9798-0fc22723a352,2019-09-21 10:28:47,75.0,0,-75.0
3a00f1b4-9f6a-4f0f-9798-0fc22723a352,2019-09-21 14:06:50,75.0,0,-75.0
3a00f1b4-9f6a-4f0f-9798-0fc22723a352,2019-09-23 22:17:36,123.0,0,-123.0
3a00f1b4-9f6a-4f0f-9798-0fc22723a352,2019-09-23 22:20:05,75.0,0,-75.0
3a00f1b4-9f6a-4f0f-9798-0fc22723a352,2019-09-25 09:38:16,37.5,0,-37.5
3e0e85fe-e2a9-4c4a-a643-405add8fb32f,2019-09-15 13:12:45,2475.0,0,-2475.0
3fefbe9d-1dc0-416a-96cf-7cdafe09939b,2019-05-30 01:11:27,75.0,0,-75.0
3fefbe9d-1dc0-416a-96cf-7cdafe09939b,2019-09-10 01:21:43,68.625,1,68.625
3fefbe9d-1dc0-416a-96cf-7cdafe09939b,2019-10-05 18:31:19,75.0,0,-75.0
46ac5fa6-0f79-46df-aefd-ea56ed691e54,2019-05-19 19:15:01,37.5,0,-37.5
46ac5fa6-0f79-46df-aefd-ea56ed691e54,2019-05-25 10:07:19,75.0,0,-75.0
46ac5fa6-0f79-46df-aefd-ea56ed691e54,2019-09-27 09:38:28,150.0,0,-150.0
472aa604-e5d1-4819-8939-a78678da4206,2019-05-06 11:04:50,112.5,0,-112.5
472aa604-e5d1-4819-8939-a78678da4206,2019-05-24 06:06:34,78.75,0,-78.75
472aa604-e5d1-4819-8939-a78678da4206,2019-06-02 05:26:43,270.0,1,270.0
472aa604-e5d1-4819-8939-a78678da4206,2019-06-16 11:51:23,75.0,0,-75.0
472aa604-e5d1-4819-8939-a78678da4206,2019-06-24 21:37:39,75.0,0,-75.0
484013b6-7c93-4675-ab3e-9c985eba19df,2019-06-04 12:37:51,120.92,0,-120.92
484013b6-7c93-4675-ab3e-9c985eba19df,2019-08-27 10:47:38,4284.327,0,-4284.327
484013b6-7c93-4675-ab3e-9c985eba19df,2019-08-27 10:48:18,8559.543,0,-8559.543
484013b6-7c93-4675-ab3e-9c985eba19df,2019-08-27 10:48:48,16627.387,0,-16627.387
484013b6-7c93-4675-ab3e-9c985eba19df,2019-08-27 10:50:26,3908.836,0,-3908.836
484013b6-7c93-4675-ab3e-9c985eba19df,2019-08-27 10:50:51,5355.126,0,-5355.126
484013b6-7c93-4675-ab3e-9c985eba19df,2019-08-27 16:03:06,39981.949,1,39981.949
484013b6-7c93-4675-ab3e-9c985eba19df,2019-10-17 06:19:47,6818.99,0,-6818.99
484013b6-7c93-4675-ab3e-9c985eba19df,2019-10-17 08:17:15,6593.166,1,6593.166
484013b6-7c93-4675-ab3e-9c985eba19df,2019-10-24 05:49:03,7777.624,0,-7777.624
484013b6-7c93-4675-ab3e-9c985eba19df,2019-10-24 08:09:44,7500.0,1,7500.0
4ab9ee3a-6161-4086-aa5b-2cb189e1a853,2019-05-08 18:11:50,690.3560000000001,0,-690.3560000000001
4ab9ee3a-6161-4086-aa5b-2cb189e1a853,2019-05-12 17:45:50,169.137,0,-169.137
4ab9ee3a-6161-4086-aa5b-2cb189e1a853,2019-05-13 15:57:40,276.143,0,-276.143
4ab9ee3a-6161-4086-aa5b-2cb189e1a853,2019-05-17 16:33:21,207.107,0,-207.107
4ab9ee3a-6161-4086-aa5b-2cb189e1a853,2019-05-18 19:20:24,367.246,0,-367.246
4ab9ee3a-6161-4086-aa5b-2cb189e1a853,2019-05-21 19:02:31,367.246,0,-367.246
4ab9ee3a-6161-4086-aa5b-2cb189e1a853,2019-05-21 19:08:33,367.246,0,-367.246
4ab9ee3a-6161-4086-aa5b-2cb189e1a853,2019-05-22 19:47:06,367.246,0,-367.246
4ab9ee3a-6161-4086-aa5b-2cb189e1a853,2019-05-27 14:27:58,331.07,0,-331.07
4ab9ee3a-6161-4086-aa5b-2cb189e1a853,2019-06-01 16:41:40,403.744,0,-403.744
4ab9ee3a-6161-4086-aa5b-2cb189e1a853,2019-06-07 11:59:21,403.744,0,-403.744
4ab9ee3a-6161-4086-aa5b-2cb189e1a853,2019-06-12 13:53:15,80.749,0,-80.749
4ab9ee3a-6161-4086-aa5b-2cb189e1a853,2019-06-12 15:02:58,153.937,1,153.937
4ab9ee3a-6161-4086-aa5b-2cb189e1a853,2019-06-17 19:45:11,318.052,0,-318.052
4ab9ee3a-6161-4086-aa5b-2cb189e1a853,2019-06-22 18:02:07,318.052,0,-318.052
4ab9ee3a-6161-4086-aa5b-2cb189e1a853,2019-06-22 18:27:49,318.052,0,-318.052
4ab9ee3a-6161-4086-aa5b-2cb189e1a853,2019-06-22 19:19:59,335.35,0,-335.35
4ab9ee3a-6161-4086-aa5b-2cb189e1a853,2019-06-26 17:11:30,335.35,0,-335.35
4ab9ee3a-6161-4086-aa5b-2cb189e1a853,2019-06-26 17:29:54,376.129,1,376.129
4ab9ee3a-6161-4086-aa5b-2cb189e1a853,2019-06-29 18:38:16,335.35,0,-335.35
4ab9ee3a-6161-4086-aa5b-2cb189e1a853,2019-06-29 18:47:15,402.68300000000005,1,402.68300000000005
4ab9ee3a-6161-4086-aa5b-2cb189e1a853,2019-06-29 18:54:21,402.68300000000005,3,-402.68300000000005
4ab9ee3a-6161-4086-aa5b-2cb189e1a853,2019-06-29 18:59:09,402.68300000000005,1,402.68300000000005
4ab9ee3a-6161-4086-aa5b-2cb189e1a853,2019-06-29 19:03:45,402.68300000000005,3,-402.68300000000005
4ab9ee3a-6161-4086-aa5b-2cb189e1a853,2019-06-29 19:30:22,351.985,1,351.985
4ab9ee3a-6161-4086-aa5b-2cb189e1a853,2019-07-25 17:49:20,101.828,0,-101.828
4ab9ee3a-6161-4086-aa5b-2cb189e1a853,2019-07-28 19:39:06,339.426,0,-339.426
4ab9ee3a-6161-4086-aa5b-2cb189e1a853,2019-07-29 19:06:18,678.852,0,-678.852
4ab9ee3a-6161-4086-aa5b-2cb189e1a853,2019-07-30 17:33:09,600.5409999999998,0,-600.5409999999998
4ab9ee3a-6161-4086-aa5b-2cb189e1a853,2019-07-31 14:24:39,300.271,0,-300.271
4ab9ee3a-6161-4086-aa5b-2cb189e1a853,2019-07-31 20:10:31,30.027,0,-30.027
4ab9ee3a-6161-4086-aa5b-2cb189e1a853,2019-08-02 19:57:20,600.5409999999998,0,-600.5409999999998
4ab9ee3a-6161-4086-aa5b-2cb189e1a853,2019-08-06 20:23:09,696.112,0,-696.112
4ab9ee3a-6161-4086-aa5b-2cb189e1a853,2019-08-07 17:42:31,696.112,0,-696.112
4ab9ee3a-6161-4086-aa5b-2cb189e1a853,2019-08-09 16:58:51,696.112,0,-696.112
4ab9ee3a-6161-4086-aa5b-2cb189e1a853,2019-08-10 20:24:14,696.112,0,-696.112
4ab9ee3a-6161-4086-aa5b-2cb189e1a853,2019-08-11 19:35:15,696.692,0,-696.692
4ab9ee3a-6161-4086-aa5b-2cb189e1a853,2019-09-09 18:39:48,174.173,0,-174.173
4ab9ee3a-6161-4086-aa5b-2cb189e1a853,2019-09-10 18:33:45,348.346,0,-348.346
4ab9ee3a-6161-4086-aa5b-2cb189e1a853,2019-09-11 18:16:42,696.692,0,-696.692
4ab9ee3a-6161-4086-aa5b-2cb189e1a853,2019-09-14 20:06:12,750.0,0,-750.0
4ab9ee3a-6161-4086-aa5b-2cb189e1a853,2019-09-15 19:06:34,750.0,0,-750.0
4ab9ee3a-6161-4086-aa5b-2cb189e1a853,2019-09-20 19:06:07,750.0,0,-750.0
4ab9ee3a-6161-4086-aa5b-2cb189e1a853,2019-10-02 18:48:55,187.5,0,-187.5
4ab9ee3a-6161-4086-aa5b-2cb189e1a853,2019-10-29 15:27:23,750.0,0,-750.0
4ab9ee3a-6161-4086-aa5b-2cb189e1a853,2019-10-29 15:37:34,1125.0,1,1125.0
4ab9ee3a-6161-4086-aa5b-2cb189e1a853,2019-10-31 07:48:25,1508.475,1,1508.475
4b94d647-2095-4a9d-a9fd-f611a57f0977,2019-07-24 19:32:55,56.109,0,-56.109
4b94d647-2095-4a9d-a9fd-f611a57f0977,2019-07-25 08:25:18,40.718,0,-40.718
4b94d647-2095-4a9d-a9fd-f611a57f0977,2019-07-25 11:59:19,60.425,0,-60.425
4b94d647-2095-4a9d-a9fd-f611a57f0977,2019-07-25 18:15:34,49.268,0,-49.268
4b94d647-2095-4a9d-a9fd-f611a57f0977,2019-07-26 16:51:38,40.718,0,-40.718
4b94d647-2095-4a9d-a9fd-f611a57f0977,2019-07-26 20:49:53,40.718,0,-40.718
4b94d647-2095-4a9d-a9fd-f611a57f0977,2019-07-28 11:19:36,63.597,0,-63.597
4b94d647-2095-4a9d-a9fd-f611a57f0977,2019-07-28 18:06:08,94.716,0,-94.716
4b94d647-2095-4a9d-a9fd-f611a57f0977,2019-07-29 18:33:55,48.416,0,-48.416
4b94d647-2095-4a9d-a9fd-f611a57f0977,2019-07-31 20:11:08,55.893,0,-55.893
4b94d647-2095-4a9d-a9fd-f611a57f0977,2019-07-31 21:25:23,377.657,1,377.657
4b94d647-2095-4a9d-a9fd-f611a57f0977,2019-08-01 07:15:01,377.657,1,377.657
4b94d647-2095-4a9d-a9fd-f611a57f0977,2019-08-01 09:33:16,882.074,1,882.074
4b94d647-2095-4a9d-a9fd-f611a57f0977,2019-08-01 10:07:05,1764.148,3,-1764.148
4b94d647-2095-4a9d-a9fd-f611a57f0977,2019-08-01 11:10:31,467.499,1,467.499
4b94d647-2095-4a9d-a9fd-f611a57f0977,2019-08-01 13:51:26,467.499,3,-467.499
4b94d647-2095-4a9d-a9fd-f611a57f0977,2019-08-02 18:13:41,142.571,0,-142.571
4b94d647-2095-4a9d-a9fd-f611a57f0977,2019-08-04 18:53:32,106.928,0,-106.928
4b94d647-2095-4a9d-a9fd-f611a57f0977,2019-08-04 21:15:10,142.571,0,-142.571
4b94d647-2095-4a9d-a9fd-f611a57f0977,2019-08-08 12:30:39,142.571,0,-142.571
4b94d647-2095-4a9d-a9fd-f611a57f0977,2019-08-08 13:17:54,285.142,0,-285.142
4b94d647-2095-4a9d-a9fd-f611a57f0977,2019-08-09 13:25:39,142.571,0,-142.571
4b94d647-2095-4a9d-a9fd-f611a57f0977,2019-08-09 18:41:23,138.934,0,-138.934
4b94d647-2095-4a9d-a9fd-f611a57f0977,2019-08-11 19:10:20,34.734,0,-34.734
4b94d647-2095-4a9d-a9fd-f611a57f0977,2019-08-12 17:09:44,173.668,0,-173.668
4b94d647-2095-4a9d-a9fd-f611a57f0977,2019-08-15 14:54:12,69.467,0,-69.467
4b94d647-2095-4a9d-a9fd-f611a57f0977,2019-08-16 20:47:10,104.201,0,-104.201
4b94d647-2095-4a9d-a9fd-f611a57f0977,2019-08-16 23:00:58,208.401,1,208.401
4b94d647-2095-4a9d-a9fd-f611a57f0977,2019-08-19 19:38:29,83.84700000000002,0,-83.84700000000002
4b94d647-2095-4a9d-a9fd-f611a57f0977,2019-08-21 07:48:42,42.091,0,-42.091
4b94d647-2095-4a9d-a9fd-f611a57f0977,2019-09-05 23:08:52,83.84700000000002,0,-83.84700000000002
4b94d647-2095-4a9d-a9fd-f611a57f0977,2019-09-06 10:56:13,83.84700000000002,0,-83.84700000000002
4b94d647-2095-4a9d-a9fd-f611a57f0977,2019-09-06 17:17:58,1676.942,1,1676.942
4b94d647-2095-4a9d-a9fd-f611a57f0977,2019-09-06 19:03:33,1676.942,3,-1676.942
4b94d647-2095-4a9d-a9fd-f611a57f0977,2019-09-06 19:39:38,1344.65,1,1344.65
4b94d647-2095-4a9d-a9fd-f611a57f0977,2019-09-07 20:58:25,168.081,0,-168.081
4b94d647-2095-4a9d-a9fd-f611a57f0977,2019-09-08 08:24:37,84.041,0,-84.041
4b94d647-2095-4a9d-a9fd-f611a57f0977,2019-09-08 09:01:40,84.041,0,-84.041
4b94d647-2095-4a9d-a9fd-f611a57f0977,2019-09-08 10:12:18,84.041,0,-84.041
4b94d647-2095-4a9d-a9fd-f611a57f0977,2019-09-08 10:22:06,84.041,0,-84.041
4b94d647-2095-4a9d-a9fd-f611a57f0977,2019-09-08 10:53:15,74.203,0,-74.203
4b94d647-2095-4a9d-a9fd-f611a57f0977,2019-09-08 18:46:26,255.26,0,-255.26
4b94d647-2095-4a9d-a9fd-f611a57f0977,2019-09-08 21:10:34,74.203,0,-74.203
4b94d647-2095-4a9d-a9fd-f611a57f0977,2019-09-08 21:21:17,74.203,0,-74.203
4b94d647-2095-4a9d-a9fd-f611a57f0977,2019-09-08 21:48:34,74.203,0,-74.203
4b94d647-2095-4a9d-a9fd-f611a57f0977,2019-09-09 09:04:13,222.61,0,-222.61
4b94d647-2095-4a9d-a9fd-f611a57f0977,2019-09-09 19:36:23,317.91,0,-317.91
4b94d647-2095-4a9d-a9fd-f611a57f0977,2019-09-10 09:57:41,127.164,0,-127.164
4b94d647-2095-4a9d-a9fd-f611a57f0977,2019-09-10 10:44:44,190.746,0,-190.746
4b94d647-2095-4a9d-a9fd-f611a57f0977,2019-09-11 17:32:54,63.582,0,-63.582
4b94d647-2095-4a9d-a9fd-f611a57f0977,2019-09-12 14:14:20,89.015,0,-89.015
4b94d647-2095-4a9d-a9fd-f611a57f0977,2019-09-12 17:23:18,63.582,0,-63.582
4b94d647-2095-4a9d-a9fd-f611a57f0977,2019-09-12 18:45:38,73.293,0,-73.293
4b94d647-2095-4a9d-a9fd-f611a57f0977,2019-09-12 19:24:34,36.647,0,-36.647
4b94d647-2095-4a9d-a9fd-f611a57f0977,2019-09-12 22:15:48,36.647,0,-36.647
4b94d647-2095-4a9d-a9fd-f611a57f0977,2019-09-12 22:17:54,36.647,0,-36.647
4b94d647-2095-4a9d-a9fd-f611a57f0977,2019-09-13 06:03:39,36.647,0,-36.647
4b94d647-2095-4a9d-a9fd-f611a57f0977,2019-09-14 19:40:55,73.293,0,-73.293
5276e4a1-7e06-4e2f-8859-b3a6d2837852,2019-05-06 17:03:20,212.16,0,-212.16
5276e4a1-7e06-4e2f-8859-b3a6d2837852,2019-05-08 14:56:28,212.16,0,-212.16
5276e4a1-7e06-4e2f-8859-b3a6d2837852,2019-05-08 15:02:48,212.16,0,-212.16
5276e4a1-7e06-4e2f-8859-b3a6d2837852,2019-05-16 18:19:10,424.321,0,-424.321
5276e4a1-7e06-4e2f-8859-b3a6d2837852,2019-05-22 21:45:13,424.321,0,-424.321
5276e4a1-7e06-4e2f-8859-b3a6d2837852,2019-05-29 17:45:49,208.703,0,-208.703
5276e4a1-7e06-4e2f-8859-b3a6d2837852,2019-05-29 18:14:21,208.703,0,-208.703
5276e4a1-7e06-4e2f-8859-b3a6d2837852,2019-06-01 18:48:33,208.703,0,-208.703
5276e4a1-7e06-4e2f-8859-b3a6d2837852,2019-06-04 18:51:26,208.703,0,-208.703
5276e4a1-7e06-4e2f-8859-b3a6d2837852,2019-06-05 22:28:15,208.703,0,-208.703
5276e4a1-7e06-4e2f-8859-b3a6d2837852,2019-06-05 22:34:29,217.084,0,-217.084
5276e4a1-7e06-4e2f-8859-b3a6d2837852,2019-06-05 22:40:54,217.084,0,-217.084
5276e4a1-7e06-4e2f-8859-b3a6d2837852,2019-06-05 22:43:34,217.084,0,-217.084
5276e4a1-7e06-4e2f-8859-b3a6d2837852,2019-06-14 18:09:56,217.084,0,-217.084
5276e4a1-7e06-4e2f-8859-b3a6d2837852,2019-06-14 18:38:14,217.084,0,-217.084
5276e4a1-7e06-4e2f-8859-b3a6d2837852,2019-06-14 18:45:07,349.045,0,-349.045
5276e4a1-7e06-4e2f-8859-b3a6d2837852,2019-06-19 23:31:15,174.523,0,-174.523
5276e4a1-7e06-4e2f-8859-b3a6d2837852,2019-07-06 23:03:13,174.523,0,-174.523
5276e4a1-7e06-4e2f-8859-b3a6d2837852,2019-07-06 23:11:24,174.523,0,-174.523
5276e4a1-7e06-4e2f-8859-b3a6d2837852,2019-07-06 23:14:47,174.523,0,-174.523
5276e4a1-7e06-4e2f-8859-b3a6d2837852,2019-07-06 23:43:24,157.639,0,-157.639
5276e4a1-7e06-4e2f-8859-b3a6d2837852,2019-07-10 21:19:41,157.639,0,-157.639
5276e4a1-7e06-4e2f-8859-b3a6d2837852,2019-07-10 22:06:47,157.639,0,-157.639
5276e4a1-7e06-4e2f-8859-b3a6d2837852,2019-07-10 22:12:10,157.639,0,-157.639
5276e4a1-7e06-4e2f-8859-b3a6d2837852,2019-07-10 22:21:48,157.639,0,-157.639
5276e4a1-7e06-4e2f-8859-b3a6d2837852,2019-07-17 22:29:53,189.24400000000003,0,-189.24400000000003
5276e4a1-7e06-4e2f-8859-b3a6d2837852,2019-07-17 22:36:15,189.24400000000003,0,-189.24400000000003
5276e4a1-7e06-4e2f-8859-b3a6d2837852,2019-08-05 21:12:12,189.24400000000003,0,-189.24400000000003
5276e4a1-7e06-4e2f-8859-b3a6d2837852,2019-08-05 21:42:27,189.24400000000003,0,-189.24400000000003
5276e4a1-7e06-4e2f-8859-b3a6d2837852,2019-08-05 21:56:52,189.24400000000003,0,-189.24400000000003
5276e4a1-7e06-4e2f-8859-b3a6d2837852,2019-08-05 23:04:59,184.712,0,-184.712
5276e4a1-7e06-4e2f-8859-b3a6d2837852,2019-09-23 21:59:06,184.712,0,-184.712
5276e4a1-7e06-4e2f-8859-b3a6d2837852,2019-09-23 22:08:10,184.712,0,-184.712
5276e4a1-7e06-4e2f-8859-b3a6d2837852,2019-09-23 22:21:02,184.712,0,-184.712
5276e4a1-7e06-4e2f-8859-b3a6d2837852,2019-09-23 22:28:04,36.942,0,-36.942
5276e4a1-7e06-4e2f-8859-b3a6d2837852,2019-09-23 22:29:37,130.815,0,-130.815
5276e4a1-7e06-4e2f-8859-b3a6d2837852,2019-09-23 22:30:06,43.605,0,-43.605
5276e4a1-7e06-4e2f-8859-b3a6d2837852,2019-09-26 16:51:05,218.024,0,-218.024
5276e4a1-7e06-4e2f-8859-b3a6d2837852,2019-09-28 22:19:51,436.048,0,-436.048
5276e4a1-7e06-4e2f-8859-b3a6d2837852,2019-09-29 12:20:26,218.024,0,-218.024
5276e4a1-7e06-4e2f-8859-b3a6d2837852,2019-10-03 20:38:23,168.05700000000004,0,-168.05700000000004
5276e4a1-7e06-4e2f-8859-b3a6d2837852,2019-10-03 21:12:11,168.05700000000004,0,-168.05700000000004
5276e4a1-7e06-4e2f-8859-b3a6d2837852,2019-10-04 14:29:21,168.05700000000004,0,-168.05700000000004
5276e4a1-7e06-4e2f-8859-b3a6d2837852,2019-10-04 14:47:11,168.05700000000004,0,-168.05700000000004
5276e4a1-7e06-4e2f-8859-b3a6d2837852,2019-10-09 17:01:25,168.05700000000004,0,-168.05700000000004
5276e4a1-7e06-4e2f-8859-b3a6d2837852,2019-10-09 20:59:33,424.592,0,-424.592
5276e4a1-7e06-4e2f-8859-b3a6d2837852,2019-10-09 21:12:08,212.296,0,-212.296
5276e4a1-7e06-4e2f-8859-b3a6d2837852,2019-10-17 08:44:04,424.592,0,-424.592
5276e4a1-7e06-4e2f-8859-b3a6d2837852,2019-10-17 15:50:57,169.83700000000005,0,-169.83700000000005
5276e4a1-7e06-4e2f-8859-b3a6d2837852,2019-10-17 21:00:53,254.755,0,-254.755
5383e73b-ff42-4e72-9f7e-907710723849,2019-05-15 22:12:28,82.634,0,-82.634
5383e73b-ff42-4e72-9f7e-907710723849,2019-05-18 18:52:42,82.634,0,-82.634
5383e73b-ff42-4e72-9f7e-907710723849,2019-05-18 19:52:07,82.634,0,-82.634
5383e73b-ff42-4e72-9f7e-907710723849,2019-05-18 20:21:10,82.634,0,-82.634
5383e73b-ff42-4e72-9f7e-907710723849,2019-05-18 20:53:27,82.634,0,-82.634
5383e73b-ff42-4e72-9f7e-907710723849,2019-05-18 22:17:50,82.634,0,-82.634
5383e73b-ff42-4e72-9f7e-907710723849,2019-05-19 01:22:08,82.634,0,-82.634
5383e73b-ff42-4e72-9f7e-907710723849,2019-05-19 17:13:54,82.634,0,-82.634
5383e73b-ff42-4e72-9f7e-907710723849,2019-05-19 18:02:20,82.634,0,-82.634
5383e73b-ff42-4e72-9f7e-907710723849,2019-05-19 18:04:27,82.634,0,-82.634
5383e73b-ff42-4e72-9f7e-907710723849,2019-05-19 18:12:00,82.634,0,-82.634
5383e73b-ff42-4e72-9f7e-907710723849,2019-05-19 18:21:57,82.634,0,-82.634
5383e73b-ff42-4e72-9f7e-907710723849,2019-05-19 18:32:01,82.634,0,-82.634
5383e73b-ff42-4e72-9f7e-907710723849,2019-05-19 20:20:39,82.634,0,-82.634
5383e73b-ff42-4e72-9f7e-907710723849,2019-05-19 20:36:52,82.634,0,-82.634
5383e73b-ff42-4e72-9f7e-907710723849,2019-05-19 20:58:28,82.634,0,-82.634
5383e73b-ff42-4e72-9f7e-907710723849,2019-05-19 23:45:15,82.634,0,-82.634
5383e73b-ff42-4e72-9f7e-907710723849,2019-05-20 00:48:42,82.634,0,-82.634
5383e73b-ff42-4e72-9f7e-907710723849,2019-05-20 01:47:09,82.634,0,-82.634
5383e73b-ff42-4e72-9f7e-907710723849,2019-05-20 02:14:25,83.708,0,-83.708
5383e73b-ff42-4e72-9f7e-907710723849,2019-05-20 14:18:13,83.708,0,-83.708
5383e73b-ff42-4e72-9f7e-907710723849,2019-05-20 14:38:25,83.708,0,-83.708
5383e73b-ff42-4e72-9f7e-907710723849,2019-05-20 14:50:00,83.708,0,-83.708
5383e73b-ff42-4e72-9f7e-907710723849,2019-05-20 15:50:40,83.708,0,-83.708
5383e73b-ff42-4e72-9f7e-907710723849,2019-05-24 15:11:12,83.708,0,-83.708
5383e73b-ff42-4e72-9f7e-907710723849,2019-05-24 16:15:02,83.708,0,-83.708
5383e73b-ff42-4e72-9f7e-907710723849,2019-05-24 18:53:43,83.708,0,-83.708
5383e73b-ff42-4e72-9f7e-907710723849,2019-05-24 19:33:41,159.04399999999995,0,-159.04399999999995
5383e73b-ff42-4e72-9f7e-907710723849,2019-05-27 22:27:12,159.04399999999995,0,-159.04399999999995
5383e73b-ff42-4e72-9f7e-907710723849,2019-05-28 01:10:34,83.708,0,-83.708
5383e73b-ff42-4e72-9f7e-907710723849,2019-05-28 02:52:46,41.854,0,-41.854
5383e73b-ff42-4e72-9f7e-907710723849,2019-05-28 04:05:17,41.854,0,-41.854
5383e73b-ff42-4e72-9f7e-907710723849,2019-05-28 11:02:13,41.854,0,-41.854
5383e73b-ff42-4e72-9f7e-907710723849,2019-05-28 12:30:44,41.854,0,-41.854
5383e73b-ff42-4e72-9f7e-907710723849,2019-05-28 17:02:39,292.9770000000001,0,-292.9770000000001
5383e73b-ff42-4e72-9f7e-907710723849,2019-05-28 20:04:10,292.9770000000001,0,-292.9770000000001
5383e73b-ff42-4e72-9f7e-907710723849,2019-05-29 01:25:16,83.708,0,-83.708
5383e73b-ff42-4e72-9f7e-907710723849,2019-05-29 01:58:37,83.708,0,-83.708
5383e73b-ff42-4e72-9f7e-907710723849,2019-05-29 02:40:13,70.01,0,-70.01
5383e73b-ff42-4e72-9f7e-907710723849,2019-05-29 03:33:50,70.01,0,-70.01
5383e73b-ff42-4e72-9f7e-907710723849,2019-05-29 04:03:12,35.005,0,-35.005
5383e73b-ff42-4e72-9f7e-907710723849,2019-05-29 04:33:05,70.01,0,-70.01
5383e73b-ff42-4e72-9f7e-907710723849,2019-05-29 04:57:25,140.02100000000002,0,-140.02100000000002
5383e73b-ff42-4e72-9f7e-907710723849,2019-05-29 06:22:02,70.01,0,-70.01
5383e73b-ff42-4e72-9f7e-907710723849,2019-05-29 06:48:38,70.01,0,-70.01
5383e73b-ff42-4e72-9f7e-907710723849,2019-05-29 08:27:28,70.01,0,-70.01
5383e73b-ff42-4e72-9f7e-907710723849,2019-06-01 15:30:29,70.01,0,-70.01
5383e73b-ff42-4e72-9f7e-907710723849,2019-06-01 17:04:56,70.01,0,-70.01
5383e73b-ff42-4e72-9f7e-907710723849,2019-06-01 17:16:56,70.01,0,-70.01
